-- MySQL dump 10.13  Distrib 5.7.9, for Win64 (x86_64)
--
-- Host: 27.251.193.68    Database: universal_computers
-- ------------------------------------------------------
-- Server version	5.7.16-log

/*!40101 SET @OLD_CHARACTER_SET_CLIENT=@@CHARACTER_SET_CLIENT */;
/*!40101 SET @OLD_CHARACTER_SET_RESULTS=@@CHARACTER_SET_RESULTS */;
/*!40101 SET @OLD_COLLATION_CONNECTION=@@COLLATION_CONNECTION */;
/*!40101 SET NAMES utf8 */;
/*!40103 SET @OLD_TIME_ZONE=@@TIME_ZONE */;
/*!40103 SET TIME_ZONE='+00:00' */;
/*!40014 SET @OLD_UNIQUE_CHECKS=@@UNIQUE_CHECKS, UNIQUE_CHECKS=0 */;
/*!40014 SET @OLD_FOREIGN_KEY_CHECKS=@@FOREIGN_KEY_CHECKS, FOREIGN_KEY_CHECKS=0 */;
/*!40101 SET @OLD_SQL_MODE=@@SQL_MODE, SQL_MODE='NO_AUTO_VALUE_ON_ZERO' */;
/*!40111 SET @OLD_SQL_NOTES=@@SQL_NOTES, SQL_NOTES=0 */;

--
-- Table structure for table `uc_activity_log`
--

DROP TABLE IF EXISTS `uc_activity_log`;
/*!40101 SET @saved_cs_client     = @@character_set_client */;
/*!40101 SET character_set_client = utf8 */;
CREATE TABLE `uc_activity_log` (
  `id` bigint(20) NOT NULL AUTO_INCREMENT,
  `controller_name` varchar(200) NOT NULL,
  `method_name` varchar(200) NOT NULL,
  `branch_id` bigint(20) NOT NULL,
  `created_by` bigint(20) NOT NULL,
  `created_on` timestamp NOT NULL DEFAULT CURRENT_TIMESTAMP ON UPDATE CURRENT_TIMESTAMP,
  PRIMARY KEY (`id`),
  KEY `created_by` (`created_by`),
  KEY `branch_id` (`branch_id`)
) ENGINE=InnoDB AUTO_INCREMENT=129 DEFAULT CHARSET=latin1;
/*!40101 SET character_set_client = @saved_cs_client */;

--
-- Dumping data for table `uc_activity_log`
--

LOCK TABLES `uc_activity_log` WRITE;
/*!40000 ALTER TABLE `uc_activity_log` DISABLE KEYS */;
INSERT INTO `uc_activity_log` VALUES (1,'employee','insert',1,7,'2017-03-18 08:17:49'),(2,'bank','insert',1,7,'2017-03-18 08:33:33'),(3,'company','update',1,7,'2017-03-18 08:33:43'),(4,'deposit','insert',1,7,'2017-03-18 08:35:15'),(5,'deduction','insert',1,7,'2017-03-18 08:35:48'),(6,'payment','insert',1,7,'2017-03-18 08:36:35'),(7,'exchange_order','insert',1,7,'2017-03-18 08:54:18'),(8,'company','update',1,7,'2017-03-18 08:58:53'),(9,'company','update',1,7,'2017-03-18 09:52:19'),(10,'company','update',1,7,'2017-03-18 09:58:16'),(11,'exchange_order_payments','insert',1,7,'2017-03-18 10:19:57'),(12,'exchange_order_payments','insert',1,7,'2017-03-18 10:26:04'),(13,'services','insert',1,7,'2017-03-18 10:47:24'),(14,'purchase_with_purchase','insert',1,7,'2017-03-18 10:51:32'),(15,'discount_sales','insert',1,7,'2017-03-18 10:52:10'),(16,'purchase_with_purchase','update',1,7,'2017-03-18 10:52:31'),(17,'buy_one_get_one','insert',1,7,'2017-03-18 10:53:26'),(18,'group_buy','insert',1,7,'2017-03-18 10:54:22'),(19,'invoice','insert',1,2,'2017-03-18 10:56:43'),(20,'invoice','insert',1,2,'2017-03-18 11:00:02'),(21,'item','insert',3,2,'2017-03-18 11:03:31'),(22,'item','insert',3,2,'2017-03-18 11:05:40'),(23,'item','update',3,2,'2017-03-18 11:06:06'),(24,'item','insert',3,2,'2017-03-18 11:06:35'),(25,'item','update',3,2,'2017-03-18 11:08:46'),(26,'item','update',3,2,'2017-03-18 11:08:58'),(27,'user','update',1,2,'2017-03-18 11:10:39'),(28,'enquiry_log_form','insert',1,2,'2017-03-18 11:11:57'),(29,'item','insert',3,2,'2017-03-18 11:13:21'),(30,'item','insert',3,2,'2017-03-18 11:15:11'),(31,'enquiry_log_form','insert',2,2,'2017-03-18 11:16:35'),(32,'item','insert',3,2,'2017-03-18 11:17:45'),(33,'item','insert',3,2,'2017-03-18 11:18:08'),(34,'payslip','insert',2,2,'2017-03-18 11:18:22'),(35,'payslip','update',2,2,'2017-03-18 11:18:34'),(36,'expense','insert',2,2,'2017-03-18 11:18:51'),(37,'expense','update',2,2,'2017-03-18 11:18:57'),(38,'item','insert',3,2,'2017-03-18 11:20:14'),(39,'item','insert',3,2,'2017-03-18 11:22:22'),(40,'item','insert',3,2,'2017-03-18 11:23:55'),(41,'item','insert',3,2,'2017-03-18 11:28:38'),(42,'purchase_orders','insert',1,7,'2017-03-18 11:30:05'),(43,'item','insert',3,2,'2017-03-18 11:31:11'),(44,'item','insert',3,2,'2017-03-18 11:33:20'),(45,'item','insert',3,2,'2017-03-18 11:33:31'),(46,'goods_receive','insert',1,7,'2017-03-18 11:35:13'),(47,'goods_receive','update',1,7,'2017-03-18 11:35:30'),(48,'purchase_payments','insert',1,7,'2017-03-18 11:36:10'),(49,'item','update',3,2,'2017-03-18 11:36:34'),(50,'item','update',3,2,'2017-03-18 11:36:44'),(51,'purchase_orders','update',1,7,'2017-03-18 11:37:00'),(52,'goods_receive','update',1,7,'2017-03-18 11:38:01'),(53,'item','insert',3,2,'2017-03-18 11:39:16'),(54,'purchase_payments','insert',1,7,'2017-03-18 11:39:27'),(55,'purchase_returns','insert',1,7,'2017-03-18 11:39:53'),(56,'item_category','insert',3,2,'2017-03-18 11:40:52'),(57,'item','insert',3,2,'2017-03-18 11:45:43'),(58,'quotation','insert',1,7,'2017-03-18 11:55:16'),(59,'item','insert',3,2,'2017-03-18 11:56:10'),(60,'item','update',3,2,'2017-03-18 11:56:34'),(61,'item','update',3,2,'2017-03-18 11:56:48'),(62,'invoice','insert',1,7,'2017-03-18 11:59:17'),(63,'petty_cash','insert',1,7,'2017-03-18 12:00:18'),(64,'item','insert',3,2,'2017-03-18 12:01:34'),(65,'item','update',3,2,'2017-03-18 12:02:47'),(66,'item','insert',3,2,'2017-03-18 12:03:07'),(67,'item','update',3,2,'2017-03-18 12:07:27'),(68,'petty_cash','update',1,7,'2017-03-18 12:07:31'),(69,'item','update',3,2,'2017-03-18 12:07:43'),(70,'item','insert',3,2,'2017-03-18 12:08:14'),(71,'item','update',3,2,'2017-03-18 12:14:48'),(72,'item','update',3,2,'2017-03-18 12:15:16'),(73,'item','update',3,2,'2017-03-18 12:16:57'),(74,'item','update',3,2,'2017-03-18 12:17:15'),(75,'item','insert',3,2,'2017-03-18 12:29:53'),(76,'item','update',3,2,'2017-03-18 12:31:02'),(77,'item','update',3,2,'2017-03-18 12:34:08'),(78,'item_category','insert',3,2,'2017-03-18 12:37:04'),(79,'item','insert',3,2,'2017-03-18 12:38:28'),(80,'item','update',3,2,'2017-03-18 12:39:21'),(81,'item','insert',3,2,'2017-03-18 12:42:11'),(82,'item','update',3,2,'2017-03-18 12:42:44'),(83,'item','insert',3,2,'2017-03-18 12:44:26'),(84,'item','insert',3,2,'2017-03-18 12:45:56'),(85,'item','update',3,2,'2017-03-18 12:46:13'),(86,'item_price','update',3,2,'2017-03-19 11:39:19'),(87,'item_price','update',3,2,'2017-03-19 11:39:34'),(88,'item_price','update',3,2,'2017-03-19 11:40:11'),(89,'invoice','insert',3,2,'2017-03-19 11:59:28'),(90,'invoice','insert',3,2,'2017-03-19 12:01:03'),(91,'invoice','insert',3,2,'2017-03-19 12:28:54'),(92,'adjust_stock','insert',3,2,'2017-03-19 13:09:23'),(93,'transfer_stock','insert',3,2,'2017-03-19 13:10:52'),(94,'exchange_order','insert',2,2,'2017-03-19 13:41:20'),(95,'exchange_order','update',2,2,'2017-03-19 13:41:49'),(96,'user','update',1,7,'2017-03-20 02:23:35'),(97,'invoice','insert',1,2,'2017-03-20 04:40:27'),(98,'invoice','insert',1,2,'2017-03-20 04:41:50'),(99,'item','insert',3,2,'2017-03-20 12:40:45'),(100,'user','update',1,7,'2017-03-21 11:41:07'),(101,'user','update',1,7,'2017-03-21 11:41:17'),(102,'goods_receive','insert',3,2,'2017-03-22 07:24:18'),(103,'company','update',1,7,'2017-03-22 07:28:20'),(104,'invoice','insert',3,2,'2017-03-22 07:28:46'),(105,'item_category','insert',1,2,'2017-03-23 12:05:49'),(106,'item_category','insert',1,2,'2017-03-23 12:05:59'),(107,'item','insert',1,2,'2017-03-23 12:18:39'),(108,'quotation','insert',1,2,'2017-03-23 12:21:37'),(109,'customer','insert',1,2,'2017-03-23 12:31:09'),(110,'quotation','update',1,2,'2017-03-23 12:31:33'),(111,'item','update',1,2,'2017-03-24 03:02:48'),(112,'item','update',1,2,'2017-03-24 03:03:22'),(113,'item','update',1,2,'2017-03-24 03:03:45'),(114,'item','update',1,2,'2017-03-24 03:04:26'),(115,'item','update',1,2,'2017-03-24 03:05:02'),(116,'purchase_orders','insert',1,2,'2017-03-24 03:07:58'),(117,'purchase_orders','insert',1,2,'2017-03-24 03:12:35'),(118,'goods_receive','insert',1,2,'2017-03-24 03:18:42'),(119,'goods_receive','insert',1,2,'2017-03-24 03:24:44'),(120,'quotation','insert',1,2,'2017-03-24 03:30:53'),(121,'exchange_order','insert',1,2,'2017-03-24 03:40:22'),(122,'services','insert',1,2,'2017-03-24 03:42:09'),(123,'services','insert',1,2,'2017-03-24 04:03:38'),(124,'invoice','insert',1,2,'2017-03-24 04:12:19'),(125,'invoice','insert',1,2,'2017-03-24 04:19:02'),(126,'invoice','insert',1,2,'2017-03-24 04:23:52'),(127,'invoice','insert',1,2,'2017-03-24 04:40:40'),(128,'invoice','insert',1,2,'2017-03-24 10:53:23');
/*!40000 ALTER TABLE `uc_activity_log` ENABLE KEYS */;
UNLOCK TABLES;

--
-- Table structure for table `uc_bank`
--

DROP TABLE IF EXISTS `uc_bank`;
/*!40101 SET @saved_cs_client     = @@character_set_client */;
/*!40101 SET character_set_client = utf8 */;
CREATE TABLE `uc_bank` (
  `id` int(11) NOT NULL AUTO_INCREMENT,
  `bank_name` varchar(250) NOT NULL,
  `branch_code` varchar(220) DEFAULT NULL,
  `branch_name` varchar(220) DEFAULT NULL,
  `shift_code` varchar(220) DEFAULT NULL,
  `account_no` varchar(250) NOT NULL,
  `open_balance` decimal(20,2) DEFAULT NULL,
  `current_balance` decimal(20,2) DEFAULT NULL,
  `bank_address` longtext,
  `status` int(1) NOT NULL DEFAULT '1',
  `branch_id` bigint(20) DEFAULT NULL,
  `created_by` bigint(20) DEFAULT NULL,
  `created_on` timestamp NULL DEFAULT NULL,
  `updated_by` bigint(20) DEFAULT NULL,
  `updated_on` timestamp NULL DEFAULT NULL,
  PRIMARY KEY (`id`),
  KEY `created_by` (`created_by`),
  KEY `updated_by` (`updated_by`),
  KEY `branch_id` (`branch_id`),
  CONSTRAINT `uc_bank_ibfk_2` FOREIGN KEY (`created_by`) REFERENCES `uc_users` (`id`),
  CONSTRAINT `uc_bank_ibfk_3` FOREIGN KEY (`updated_by`) REFERENCES `uc_users` (`id`),
  CONSTRAINT `uc_bank_ibfk_4` FOREIGN KEY (`branch_id`) REFERENCES `uc_branches` (`id`)
) ENGINE=InnoDB AUTO_INCREMENT=2 DEFAULT CHARSET=latin1;
/*!40101 SET character_set_client = @saved_cs_client */;

--
-- Dumping data for table `uc_bank`
--

LOCK TABLES `uc_bank` WRITE;
/*!40000 ALTER TABLE `uc_bank` DISABLE KEYS */;
INSERT INTO `uc_bank` VALUES (1,'UNITED OVERSEAS BANK LTD','','','','3543037921',5000.00,7527.93,'ROCHOR',1,1,7,'2017-03-18 08:33:33',2,'2017-03-20 04:41:51');
/*!40000 ALTER TABLE `uc_bank` ENABLE KEYS */;
UNLOCK TABLES;

--
-- Table structure for table `uc_bank_transfer`
--

DROP TABLE IF EXISTS `uc_bank_transfer`;
/*!40101 SET @saved_cs_client     = @@character_set_client */;
/*!40101 SET character_set_client = utf8 */;
CREATE TABLE `uc_bank_transfer` (
  `id` int(11) NOT NULL AUTO_INCREMENT,
  `from_bank_id` int(11) DEFAULT NULL,
  `to_bank_id` int(11) DEFAULT NULL,
  `amount` decimal(10,2) NOT NULL,
  `reason` text NOT NULL,
  `payment_type` int(11) DEFAULT NULL,
  `cheque_bank_name` varchar(765) DEFAULT NULL,
  `cheque_acc_no` varchar(765) DEFAULT NULL,
  `cheque_date` date DEFAULT NULL,
  `status` int(1) NOT NULL DEFAULT '1',
  `branch_id` bigint(20) DEFAULT NULL,
  `created_by` bigint(20) DEFAULT NULL,
  `created_on` timestamp NULL DEFAULT NULL,
  `updated_by` bigint(20) DEFAULT NULL,
  `updated_on` timestamp NULL DEFAULT NULL,
  PRIMARY KEY (`id`),
  KEY `branch_id` (`branch_id`),
  KEY `created_by` (`created_by`),
  KEY `updated_by` (`updated_by`)
) ENGINE=InnoDB DEFAULT CHARSET=latin1;
/*!40101 SET character_set_client = @saved_cs_client */;

--
-- Dumping data for table `uc_bank_transfer`
--

LOCK TABLES `uc_bank_transfer` WRITE;
/*!40000 ALTER TABLE `uc_bank_transfer` DISABLE KEYS */;
/*!40000 ALTER TABLE `uc_bank_transfer` ENABLE KEYS */;
UNLOCK TABLES;

--
-- Table structure for table `uc_branch_products`
--

DROP TABLE IF EXISTS `uc_branch_products`;
/*!40101 SET @saved_cs_client     = @@character_set_client */;
/*!40101 SET character_set_client = utf8 */;
CREATE TABLE `uc_branch_products` (
  `id` int(11) NOT NULL AUTO_INCREMENT,
  `brn_id` bigint(20) DEFAULT NULL,
  `product_id` int(11) DEFAULT NULL,
  `available_qty` float DEFAULT NULL,
  `status` int(2) NOT NULL DEFAULT '1' COMMENT '1-Active,2-Inactive,10-Deleted',
  `branch_id` bigint(20) DEFAULT NULL,
  `branch_location` text NOT NULL,
  `created_by` bigint(20) DEFAULT NULL,
  `created_on` timestamp NULL DEFAULT NULL,
  `updated_by` bigint(20) DEFAULT NULL,
  `updated_on` timestamp NULL DEFAULT NULL,
  `ip_address` varchar(20) DEFAULT NULL,
  PRIMARY KEY (`id`),
  KEY `branch_id` (`branch_id`),
  KEY `brn_id` (`brn_id`),
  KEY `product_id` (`product_id`),
  KEY `created_by` (`created_by`),
  KEY `updated_by` (`updated_by`),
  CONSTRAINT `uc_branch_products_ibfk_1` FOREIGN KEY (`branch_id`) REFERENCES `uc_branches` (`id`),
  CONSTRAINT `uc_branch_products_ibfk_2` FOREIGN KEY (`brn_id`) REFERENCES `uc_branches` (`id`),
  CONSTRAINT `uc_branch_products_ibfk_3` FOREIGN KEY (`product_id`) REFERENCES `uc_product` (`id`),
  CONSTRAINT `uc_branch_products_ibfk_4` FOREIGN KEY (`created_by`) REFERENCES `uc_users` (`id`),
  CONSTRAINT `uc_branch_products_ibfk_5` FOREIGN KEY (`updated_by`) REFERENCES `uc_users` (`id`)
) ENGINE=InnoDB AUTO_INCREMENT=532 DEFAULT CHARSET=latin1;
/*!40101 SET character_set_client = @saved_cs_client */;

--
-- Dumping data for table `uc_branch_products`
--

LOCK TABLES `uc_branch_products` WRITE;
/*!40000 ALTER TABLE `uc_branch_products` DISABLE KEYS */;
INSERT INTO `uc_branch_products` VALUES (1,1,2,0,1,3,'',2,'2017-02-24 13:17:29',NULL,NULL,'122.11.133.28'),(2,2,2,0,1,3,'',2,'2017-02-24 13:17:29',NULL,NULL,'122.11.133.28'),(3,3,2,0,1,3,'F-01',2,'2017-02-24 13:17:29',2,'2017-02-24 13:18:46','122.11.133.28'),(4,1,3,0,1,3,'',2,'2017-02-24 13:24:00',NULL,NULL,'122.11.133.28'),(5,2,3,0,1,3,'',2,'2017-02-24 13:24:00',NULL,NULL,'122.11.133.28'),(6,3,3,1,1,3,'F-01',2,'2017-02-24 13:24:00',NULL,NULL,'122.11.133.28'),(7,1,4,0,1,1,'',2,'2017-02-25 08:16:21',2,'2017-02-25 08:16:37','192.168.2.1'),(8,2,4,0,1,1,'',2,'2017-02-25 08:16:21',2,'2017-02-25 08:16:37','192.168.2.1'),(9,3,4,0,1,1,'',2,'2017-02-25 08:16:21',2,'2017-02-25 08:16:37','192.168.2.1'),(10,1,5,0,1,3,'',2,'2017-02-25 12:16:13',NULL,NULL,'122.11.133.28'),(11,2,5,0,1,3,'',2,'2017-02-25 12:16:13',NULL,NULL,'122.11.133.28'),(12,3,5,10,1,3,'F-01',2,'2017-02-25 12:16:14',2,'2017-02-25 13:17:01','122.11.133.28'),(13,1,6,0,1,3,'',2,'2017-02-25 12:17:53',NULL,NULL,'122.11.133.28'),(14,2,6,0,1,3,'',2,'2017-02-25 12:17:53',NULL,NULL,'122.11.133.28'),(15,3,6,10,1,3,'F-01',2,'2017-02-25 12:17:53',2,'2017-02-25 12:43:10','122.11.133.28'),(16,1,7,0,1,3,'',2,'2017-02-25 12:18:20',NULL,NULL,'122.11.133.28'),(17,2,7,0,1,3,'',2,'2017-02-25 12:18:20',NULL,NULL,'122.11.133.28'),(18,3,7,2,1,3,'',2,'2017-02-25 12:18:20',2,'2017-02-27 02:21:57','118.200.248.197'),(19,1,8,0,1,3,'',2,'2017-02-25 12:19:52',NULL,NULL,'122.11.133.28'),(20,2,8,0,1,3,'',2,'2017-02-25 12:19:52',NULL,NULL,'122.11.133.28'),(21,3,8,5,1,3,'',2,'2017-02-25 12:19:52',2,'2017-02-25 12:56:25','122.11.133.28'),(22,1,9,0,1,3,'',2,'2017-02-25 12:20:18',NULL,NULL,'122.11.133.28'),(23,2,9,0,1,3,'',2,'2017-02-25 12:20:18',NULL,NULL,'122.11.133.28'),(24,3,9,0,1,3,'',2,'2017-02-25 12:20:18',NULL,NULL,'122.11.133.28'),(25,1,10,0,1,3,'',2,'2017-02-25 12:21:01',NULL,NULL,'122.11.133.28'),(26,2,10,0,1,3,'',2,'2017-02-25 12:21:01',NULL,NULL,'122.11.133.28'),(27,3,10,0,1,3,'',2,'2017-02-25 12:21:01',NULL,NULL,'122.11.133.28'),(28,1,11,0,1,3,'',2,'2017-02-25 12:22:44',NULL,NULL,'122.11.133.28'),(29,2,11,0,1,3,'',2,'2017-02-25 12:22:45',NULL,NULL,'122.11.133.28'),(30,3,11,0,1,3,'',2,'2017-02-25 12:22:45',NULL,NULL,'122.11.133.28'),(31,1,12,0,1,3,'',2,'2017-02-25 12:23:07',NULL,NULL,'122.11.133.28'),(32,2,12,0,1,3,'',2,'2017-02-25 12:23:07',NULL,NULL,'122.11.133.28'),(33,3,12,0,1,3,'',2,'2017-02-25 12:23:07',NULL,NULL,'122.11.133.28'),(34,1,13,0,1,3,'',2,'2017-02-25 12:23:30',NULL,NULL,'122.11.133.28'),(35,2,13,0,1,3,'',2,'2017-02-25 12:23:30',NULL,NULL,'122.11.133.28'),(36,3,13,0,1,3,'',2,'2017-02-25 12:23:30',NULL,NULL,'122.11.133.28'),(37,1,14,0,1,3,'',2,'2017-02-25 12:25:08',NULL,NULL,'122.11.133.28'),(38,2,14,0,1,3,'',2,'2017-02-25 12:25:08',NULL,NULL,'122.11.133.28'),(39,3,14,0,1,3,'',2,'2017-02-25 12:25:08',NULL,NULL,'122.11.133.28'),(40,1,15,0,1,3,'',2,'2017-02-25 12:25:31',NULL,NULL,'122.11.133.28'),(41,2,15,0,1,3,'',2,'2017-02-25 12:25:31',NULL,NULL,'122.11.133.28'),(42,3,15,0,1,3,'',2,'2017-02-25 12:25:31',NULL,NULL,'122.11.133.28'),(43,1,16,1,1,1,'',7,'2017-02-25 12:27:28',7,'2017-02-27 04:05:29','192.168.2.1'),(44,2,16,0,1,3,'',2,'2017-02-25 12:27:28',NULL,NULL,'122.11.133.28'),(45,3,16,10,1,3,'',2,'2017-02-25 12:27:28',2,'2017-02-25 12:43:10','122.11.133.28'),(46,1,17,-1,1,1,'',7,'2017-02-25 12:28:10',7,'2017-02-28 04:35:40','192.168.2.1'),(47,2,17,0,1,3,'',2,'2017-02-25 12:28:10',NULL,NULL,'122.11.133.28'),(48,3,17,0,1,3,'',2,'2017-02-25 12:28:10',NULL,NULL,'122.11.133.28'),(49,1,18,0,1,3,'',2,'2017-02-25 12:30:55',NULL,NULL,'122.11.133.28'),(50,2,18,0,1,3,'',2,'2017-02-25 12:30:55',NULL,NULL,'122.11.133.28'),(51,3,18,0,1,3,'',2,'2017-02-25 12:30:55',NULL,NULL,'122.11.133.28'),(52,1,19,0,1,3,'',2,'2017-02-25 12:31:18',NULL,NULL,'122.11.133.28'),(53,2,19,0,1,3,'',2,'2017-02-25 12:31:18',NULL,NULL,'122.11.133.28'),(54,3,19,0,1,3,'',2,'2017-02-25 12:31:18',NULL,NULL,'122.11.133.28'),(55,1,20,0,1,3,'',2,'2017-02-25 12:39:10',7,'2017-02-28 02:31:45','192.168.2.1'),(56,2,20,0,1,3,'',2,'2017-02-25 12:39:10',7,'2017-02-28 02:31:45','192.168.2.1'),(57,3,20,0,1,3,'F-01',2,'2017-02-25 12:39:10',NULL,NULL,'122.11.133.28'),(60,1,21,0,1,3,'',2,'2017-03-01 07:29:41',2,'2017-03-14 15:00:16','203.118.13.255'),(61,2,21,0,1,3,'',2,'2017-03-01 07:29:41',2,'2017-03-14 15:00:16','203.118.13.255'),(62,3,21,-5,1,3,'',2,'2017-03-01 07:29:41',2,'2017-03-19 11:59:28','203.116.142.32'),(63,1,22,0,1,3,'',2,'2017-03-01 09:07:08',NULL,NULL,'122.11.133.28'),(64,2,22,0,1,3,'',2,'2017-03-01 09:07:08',NULL,NULL,'122.11.133.28'),(65,3,22,0,1,3,'',2,'2017-03-01 09:07:08',NULL,NULL,'122.11.133.28'),(66,3,23,0,1,3,'',8,'2017-03-02 04:20:32',NULL,NULL,'122.11.133.28'),(67,3,24,0,1,3,'',8,'2017-03-02 04:23:01',NULL,NULL,'122.11.133.28'),(68,3,25,-1,1,3,'',2,'2017-03-02 04:23:22',2,'2017-03-19 12:01:03','203.116.142.32'),(69,3,26,-1,1,3,'',2,'2017-03-02 04:23:40',2,'2017-03-19 12:01:03','203.116.142.32'),(70,3,27,0,1,3,'',8,'2017-03-02 04:24:01',NULL,NULL,'122.11.133.28'),(71,3,28,0,1,3,'',8,'2017-03-02 04:26:06',NULL,NULL,'122.11.133.28'),(72,3,29,0,1,3,'',8,'2017-03-02 04:26:38',NULL,NULL,'122.11.133.28'),(73,3,30,0,1,3,'',8,'2017-03-02 04:27:12',NULL,NULL,'122.11.133.28'),(74,3,31,0,1,3,'',8,'2017-03-02 04:27:28',NULL,NULL,'122.11.133.28'),(75,3,32,0,1,3,'',8,'2017-03-02 04:27:43',NULL,NULL,'122.11.133.28'),(76,3,33,0,1,3,'',8,'2017-03-02 04:27:58',NULL,NULL,'122.11.133.28'),(77,3,34,-1,1,3,'',2,'2017-03-02 04:28:12',2,'2017-03-19 12:28:54','203.116.142.32'),(78,3,35,0,1,3,'',8,'2017-03-02 04:30:22',NULL,NULL,'122.11.133.28'),(79,3,36,0,1,3,'',8,'2017-03-02 04:30:59',NULL,NULL,'122.11.133.28'),(80,3,37,0,1,3,'',8,'2017-03-02 04:31:14',NULL,NULL,'122.11.133.28'),(81,3,38,0,1,3,'',8,'2017-03-02 04:31:28',NULL,NULL,'122.11.133.28'),(82,3,39,0,1,3,'',8,'2017-03-02 04:31:49',NULL,NULL,'122.11.133.28'),(83,3,40,0,1,3,'',8,'2017-03-02 04:32:08',NULL,NULL,'122.11.133.28'),(84,3,41,0,1,3,'',8,'2017-03-02 04:32:24',NULL,NULL,'122.11.133.28'),(85,3,42,0,1,3,'',8,'2017-03-02 04:32:58',NULL,NULL,'122.11.133.28'),(86,3,43,0,1,3,'',8,'2017-03-02 04:33:24',NULL,NULL,'122.11.133.28'),(87,3,44,0,1,3,'',8,'2017-03-02 04:54:43',NULL,NULL,'122.11.133.28'),(88,3,45,-1,1,3,'',2,'2017-03-02 04:55:03',2,'2017-03-03 12:51:54','122.11.133.28'),(89,3,46,-1,1,3,'',2,'2017-03-02 04:55:19',2,'2017-03-04 02:25:58','122.11.133.28'),(90,3,47,0,1,3,'',8,'2017-03-02 04:55:33',NULL,NULL,'122.11.133.28'),(91,3,48,0,1,3,'',8,'2017-03-02 04:56:04',NULL,NULL,'122.11.133.28'),(92,3,49,0,1,3,'',8,'2017-03-02 04:56:18',NULL,NULL,'122.11.133.28'),(93,3,50,0,1,3,'',8,'2017-03-02 04:56:34',NULL,NULL,'122.11.133.28'),(94,3,51,-1,1,3,'',2,'2017-03-02 04:56:48',2,'2017-03-17 11:21:17','203.116.142.32'),(95,3,52,0,1,3,'',8,'2017-03-02 04:57:01',NULL,NULL,'122.11.133.28'),(96,3,53,0,1,3,'',8,'2017-03-02 04:57:16',NULL,NULL,'122.11.133.28'),(97,3,54,0,1,3,'',8,'2017-03-02 04:57:30',NULL,NULL,'122.11.133.28'),(98,3,55,0,1,3,'',8,'2017-03-02 04:57:45',NULL,NULL,'122.11.133.28'),(99,3,56,0,1,3,'',8,'2017-03-02 04:57:59',NULL,NULL,'122.11.133.28'),(100,3,57,0,1,3,'',8,'2017-03-02 04:58:13',NULL,NULL,'122.11.133.28'),(101,3,58,0,1,3,'',8,'2017-03-02 04:58:25',NULL,NULL,'122.11.133.28'),(102,3,59,0,1,3,'',8,'2017-03-02 04:58:37',NULL,NULL,'122.11.133.28'),(103,3,60,0,1,3,'',8,'2017-03-02 05:14:51',NULL,NULL,'122.11.133.28'),(104,3,61,0,1,3,'',8,'2017-03-02 05:15:05',2,'2017-03-03 13:00:03','122.11.133.28'),(105,1,61,0,1,3,'',2,'2017-03-03 13:00:03',NULL,NULL,'122.11.133.28'),(106,2,61,0,1,3,'',2,'2017-03-03 13:00:03',NULL,NULL,'122.11.133.28'),(107,1,62,0,1,3,'',2,'2017-03-04 02:48:21',NULL,NULL,'122.11.133.28'),(108,2,62,0,1,3,'',2,'2017-03-04 02:48:21',NULL,NULL,'122.11.133.28'),(109,3,62,0,1,3,'',2,'2017-03-04 02:48:21',NULL,NULL,'122.11.133.28'),(110,1,63,0,1,3,'',2,'2017-03-04 02:48:50',NULL,NULL,'122.11.133.28'),(111,2,63,0,1,3,'',2,'2017-03-04 02:48:50',NULL,NULL,'122.11.133.28'),(112,3,63,0,1,3,'',2,'2017-03-04 02:48:50',NULL,NULL,'122.11.133.28'),(113,1,64,0,1,3,'',2,'2017-03-04 02:49:10',NULL,NULL,'122.11.133.28'),(114,2,64,0,1,3,'',2,'2017-03-04 02:49:10',NULL,NULL,'122.11.133.28'),(115,3,64,0,1,3,'',2,'2017-03-04 02:49:10',NULL,NULL,'122.11.133.28'),(116,1,65,0,1,3,'',2,'2017-03-04 02:49:27',NULL,NULL,'122.11.133.28'),(117,2,65,0,1,3,'',2,'2017-03-04 02:49:27',NULL,NULL,'122.11.133.28'),(118,3,65,0,1,3,'',2,'2017-03-04 02:49:27',NULL,NULL,'122.11.133.28'),(119,1,66,0,1,3,'',2,'2017-03-04 02:51:08',NULL,NULL,'122.11.133.28'),(120,2,66,0,1,3,'',2,'2017-03-04 02:51:08',NULL,NULL,'122.11.133.28'),(121,3,66,0,1,3,'',2,'2017-03-04 02:51:09',NULL,NULL,'122.11.133.28'),(122,1,67,0,1,3,'',2,'2017-03-04 02:51:31',NULL,NULL,'122.11.133.28'),(123,2,67,0,1,3,'',2,'2017-03-04 02:51:31',NULL,NULL,'122.11.133.28'),(124,3,67,0,1,3,'',2,'2017-03-04 02:51:31',NULL,NULL,'122.11.133.28'),(125,1,68,0,1,3,'',2,'2017-03-04 02:51:53',NULL,NULL,'122.11.133.28'),(126,2,68,0,1,3,'',2,'2017-03-04 02:51:53',NULL,NULL,'122.11.133.28'),(127,3,68,0,1,3,'',2,'2017-03-04 02:51:53',NULL,NULL,'122.11.133.28'),(128,1,69,0,1,3,'',2,'2017-03-04 03:55:21',NULL,NULL,'122.11.133.28'),(129,2,69,0,1,3,'',2,'2017-03-04 03:55:21',NULL,NULL,'122.11.133.28'),(130,3,69,0,1,3,'',2,'2017-03-04 03:55:21',NULL,NULL,'122.11.133.28'),(131,1,70,0,1,3,'',2,'2017-03-04 03:55:39',NULL,NULL,'122.11.133.28'),(132,2,70,0,1,3,'',2,'2017-03-04 03:55:39',NULL,NULL,'122.11.133.28'),(133,3,70,0,1,3,'',2,'2017-03-04 03:55:39',NULL,NULL,'122.11.133.28'),(134,1,71,0,1,3,'',2,'2017-03-04 03:55:53',NULL,NULL,'122.11.133.28'),(135,2,71,0,1,3,'',2,'2017-03-04 03:55:53',NULL,NULL,'122.11.133.28'),(136,3,71,0,1,3,'',2,'2017-03-04 03:55:53',NULL,NULL,'122.11.133.28'),(137,1,72,0,1,3,'',2,'2017-03-04 03:56:07',NULL,NULL,'122.11.133.28'),(138,2,72,0,1,3,'',2,'2017-03-04 03:56:07',NULL,NULL,'122.11.133.28'),(139,3,72,0,1,3,'',2,'2017-03-04 03:56:07',NULL,NULL,'122.11.133.28'),(140,1,73,0,1,3,'',2,'2017-03-04 03:56:30',NULL,NULL,'122.11.133.28'),(141,2,73,0,1,3,'',2,'2017-03-04 03:56:30',NULL,NULL,'122.11.133.28'),(142,3,73,0,1,3,'',2,'2017-03-04 03:56:30',NULL,NULL,'122.11.133.28'),(143,1,74,0,1,3,'',2,'2017-03-04 03:56:42',NULL,NULL,'122.11.133.28'),(144,2,74,0,1,3,'',2,'2017-03-04 03:56:42',NULL,NULL,'122.11.133.28'),(145,3,74,0,1,3,'',2,'2017-03-04 03:56:42',NULL,NULL,'122.11.133.28'),(146,1,75,0,1,3,'',2,'2017-03-04 04:00:16',NULL,NULL,'122.11.133.28'),(147,2,75,0,1,3,'',2,'2017-03-04 04:00:16',NULL,NULL,'122.11.133.28'),(148,3,75,0,1,3,'',2,'2017-03-04 04:00:16',NULL,NULL,'122.11.133.28'),(149,1,76,0,1,3,'',2,'2017-03-04 04:00:47',NULL,NULL,'122.11.133.28'),(150,2,76,0,1,3,'',2,'2017-03-04 04:00:47',NULL,NULL,'122.11.133.28'),(151,3,76,0,1,3,'',2,'2017-03-04 04:00:48',NULL,NULL,'122.11.133.28'),(152,1,77,0,1,3,'',2,'2017-03-04 04:04:21',NULL,NULL,'122.11.133.28'),(153,2,77,0,1,3,'',2,'2017-03-04 04:04:21',NULL,NULL,'122.11.133.28'),(154,3,77,0,1,3,'',2,'2017-03-04 04:04:21',NULL,NULL,'122.11.133.28'),(155,1,78,0,1,3,'',2,'2017-03-04 04:08:17',NULL,NULL,'122.11.133.28'),(156,2,78,0,1,3,'',2,'2017-03-04 04:08:17',NULL,NULL,'122.11.133.28'),(157,3,78,0,1,3,'',2,'2017-03-04 04:08:17',NULL,NULL,'122.11.133.28'),(158,1,79,0,1,3,'',2,'2017-03-04 04:08:30',NULL,NULL,'122.11.133.28'),(159,2,79,0,1,3,'',2,'2017-03-04 04:08:30',NULL,NULL,'122.11.133.28'),(160,3,79,0,1,3,'',2,'2017-03-04 04:08:30',NULL,NULL,'122.11.133.28'),(161,1,80,0,1,3,'',2,'2017-03-04 04:08:45',NULL,NULL,'122.11.133.28'),(162,2,80,0,1,3,'',2,'2017-03-04 04:08:45',NULL,NULL,'122.11.133.28'),(163,3,80,0,1,3,'',2,'2017-03-04 04:08:45',NULL,NULL,'122.11.133.28'),(164,1,81,0,1,3,'',2,'2017-03-04 04:08:57',NULL,NULL,'122.11.133.28'),(165,2,81,0,1,3,'',2,'2017-03-04 04:08:57',NULL,NULL,'122.11.133.28'),(166,3,81,0,1,3,'',2,'2017-03-04 04:08:57',NULL,NULL,'122.11.133.28'),(167,1,82,0,1,3,'',2,'2017-03-04 04:09:58',NULL,NULL,'122.11.133.28'),(168,2,82,0,1,3,'',2,'2017-03-04 04:09:58',NULL,NULL,'122.11.133.28'),(169,3,82,0,1,3,'',2,'2017-03-04 04:09:58',NULL,NULL,'122.11.133.28'),(170,1,83,0,1,3,'',2,'2017-03-04 04:10:12',NULL,NULL,'122.11.133.28'),(171,2,83,0,1,3,'',2,'2017-03-04 04:10:12',NULL,NULL,'122.11.133.28'),(172,3,83,0,1,3,'',2,'2017-03-04 04:10:12',NULL,NULL,'122.11.133.28'),(173,1,84,0,1,3,'',2,'2017-03-04 04:10:27',NULL,NULL,'122.11.133.28'),(174,2,84,0,1,3,'',2,'2017-03-04 04:10:27',NULL,NULL,'122.11.133.28'),(175,3,84,0,1,3,'',2,'2017-03-04 04:10:27',NULL,NULL,'122.11.133.28'),(176,1,85,0,1,3,'',2,'2017-03-04 04:10:42',NULL,NULL,'122.11.133.28'),(177,2,85,0,1,3,'',2,'2017-03-04 04:10:42',NULL,NULL,'122.11.133.28'),(178,3,85,0,1,3,'',2,'2017-03-04 04:10:42',NULL,NULL,'122.11.133.28'),(179,1,86,0,1,3,'',2,'2017-03-04 04:10:54',NULL,NULL,'122.11.133.28'),(180,2,86,0,1,3,'',2,'2017-03-04 04:10:54',NULL,NULL,'122.11.133.28'),(181,3,86,0,1,3,'',2,'2017-03-04 04:10:54',NULL,NULL,'122.11.133.28'),(182,1,87,0,1,3,'',2,'2017-03-04 04:11:12',NULL,NULL,'122.11.133.28'),(183,2,87,0,1,3,'',2,'2017-03-04 04:11:12',NULL,NULL,'122.11.133.28'),(184,3,87,0,1,3,'',2,'2017-03-04 04:11:12',NULL,NULL,'122.11.133.28'),(185,1,88,0,1,3,'',2,'2017-03-04 04:20:52',NULL,NULL,'122.11.133.28'),(186,2,88,0,1,3,'',2,'2017-03-04 04:20:52',NULL,NULL,'122.11.133.28'),(187,3,88,0,1,3,'',2,'2017-03-04 04:20:52',NULL,NULL,'122.11.133.28'),(188,1,89,0,1,3,'',2,'2017-03-04 04:21:09',NULL,NULL,'122.11.133.28'),(189,2,89,0,1,3,'',2,'2017-03-04 04:21:09',NULL,NULL,'122.11.133.28'),(190,3,89,0,1,3,'',2,'2017-03-04 04:21:09',NULL,NULL,'122.11.133.28'),(191,1,90,0,1,3,'',2,'2017-03-04 04:21:24',NULL,NULL,'122.11.133.28'),(192,2,90,0,1,3,'',2,'2017-03-04 04:21:24',NULL,NULL,'122.11.133.28'),(193,3,90,0,1,3,'',2,'2017-03-04 04:21:24',NULL,NULL,'122.11.133.28'),(194,1,91,0,1,3,'',2,'2017-03-04 04:24:24',2,'2017-03-04 06:46:16','122.11.133.28'),(195,2,91,0,1,3,'',2,'2017-03-04 04:24:24',2,'2017-03-04 06:46:16','122.11.133.28'),(196,3,91,0,1,3,'',2,'2017-03-04 04:24:24',2,'2017-03-04 06:46:16','122.11.133.28'),(197,1,93,0,1,3,'',2,'2017-03-05 01:14:31',2,'2017-03-05 01:22:49','122.11.133.28'),(198,2,93,0,1,3,'',2,'2017-03-05 01:14:31',2,'2017-03-05 01:22:49','122.11.133.28'),(199,3,93,0,1,3,'',2,'2017-03-05 01:14:31',2,'2017-03-05 01:22:49','122.11.133.28'),(200,1,94,0,1,3,'',2,'2017-03-05 01:15:54',2,'2017-03-05 01:22:30','122.11.133.28'),(201,2,94,0,1,3,'',2,'2017-03-05 01:15:54',2,'2017-03-05 01:22:30','122.11.133.28'),(202,3,94,0,1,3,'',2,'2017-03-05 01:15:54',2,'2017-03-05 01:22:30','122.11.133.28'),(203,1,95,0,1,3,'',2,'2017-03-05 01:16:12',2,'2017-03-05 01:22:13','122.11.133.28'),(204,2,95,0,1,3,'',2,'2017-03-05 01:16:12',2,'2017-03-05 01:22:13','122.11.133.28'),(205,3,95,0,1,3,'',2,'2017-03-05 01:16:12',2,'2017-03-05 01:22:13','122.11.133.28'),(206,1,96,0,1,3,'',2,'2017-03-05 01:16:29',2,'2017-03-05 01:21:57','122.11.133.28'),(207,2,96,0,1,3,'',2,'2017-03-05 01:16:29',2,'2017-03-05 01:21:58','122.11.133.28'),(208,3,96,0,1,3,'',2,'2017-03-05 01:16:29',2,'2017-03-05 01:21:58','122.11.133.28'),(209,1,97,0,1,3,'',2,'2017-03-05 01:17:26',2,'2017-03-05 01:21:29','122.11.133.28'),(210,2,97,0,1,3,'',2,'2017-03-05 01:17:26',2,'2017-03-05 01:21:29','122.11.133.28'),(211,3,97,0,1,3,'',2,'2017-03-05 01:17:26',2,'2017-03-05 01:21:29','122.11.133.28'),(212,1,98,0,1,3,'',2,'2017-03-05 01:20:13',NULL,NULL,'122.11.133.28'),(213,2,98,0,1,3,'',2,'2017-03-05 01:20:13',NULL,NULL,'122.11.133.28'),(214,3,98,0,1,3,'',2,'2017-03-05 01:20:13',NULL,NULL,'122.11.133.28'),(215,1,99,0,1,3,'',2,'2017-03-05 01:20:35',NULL,NULL,'122.11.133.28'),(216,2,99,0,1,3,'',2,'2017-03-05 01:20:35',NULL,NULL,'122.11.133.28'),(217,3,99,0,1,3,'',2,'2017-03-05 01:20:35',NULL,NULL,'122.11.133.28'),(218,1,100,0,1,3,'',2,'2017-03-05 01:20:50',NULL,NULL,'122.11.133.28'),(219,2,100,0,1,3,'',2,'2017-03-05 01:20:50',NULL,NULL,'122.11.133.28'),(220,3,100,0,1,3,'',2,'2017-03-05 01:20:50',NULL,NULL,'122.11.133.28'),(221,1,101,0,1,3,'',2,'2017-03-05 01:34:40',NULL,NULL,'122.11.133.28'),(222,2,101,0,1,3,'',2,'2017-03-05 01:34:40',NULL,NULL,'122.11.133.28'),(223,3,101,0,1,3,'',2,'2017-03-05 01:34:40',NULL,NULL,'122.11.133.28'),(224,1,102,0,1,3,'',2,'2017-03-05 01:34:54',NULL,NULL,'122.11.133.28'),(225,2,102,0,1,3,'',2,'2017-03-05 01:34:54',NULL,NULL,'122.11.133.28'),(226,3,102,0,1,3,'',2,'2017-03-05 01:34:54',NULL,NULL,'122.11.133.28'),(227,1,103,0,1,3,'',2,'2017-03-05 01:35:08',NULL,NULL,'122.11.133.28'),(228,2,103,0,1,3,'',2,'2017-03-05 01:35:08',NULL,NULL,'122.11.133.28'),(229,3,103,0,1,3,'',2,'2017-03-05 01:35:08',NULL,NULL,'122.11.133.28'),(230,1,104,0,1,3,'',2,'2017-03-05 01:35:24',NULL,NULL,'122.11.133.28'),(231,2,104,0,1,3,'',2,'2017-03-05 01:35:24',NULL,NULL,'122.11.133.28'),(232,3,104,0,1,3,'',2,'2017-03-05 01:35:24',NULL,NULL,'122.11.133.28'),(233,1,105,0,1,3,'',2,'2017-03-05 01:36:44',NULL,NULL,'122.11.133.28'),(234,2,105,0,1,3,'',2,'2017-03-05 01:36:44',NULL,NULL,'122.11.133.28'),(235,3,105,0,1,3,'',2,'2017-03-05 01:36:44',NULL,NULL,'122.11.133.28'),(236,1,106,0,1,3,'',2,'2017-03-05 01:37:04',NULL,NULL,'122.11.133.28'),(237,2,106,0,1,3,'',2,'2017-03-05 01:37:04',NULL,NULL,'122.11.133.28'),(238,3,106,0,1,3,'',2,'2017-03-05 01:37:05',NULL,NULL,'122.11.133.28'),(239,1,107,0,1,3,'',2,'2017-03-05 01:37:16',NULL,NULL,'122.11.133.28'),(240,2,107,0,1,3,'',2,'2017-03-05 01:37:16',NULL,NULL,'122.11.133.28'),(241,3,107,0,1,3,'',2,'2017-03-05 01:37:16',NULL,NULL,'122.11.133.28'),(242,1,108,0,1,3,'',2,'2017-03-05 01:37:32',NULL,NULL,'122.11.133.28'),(243,2,108,0,1,3,'',2,'2017-03-05 01:37:32',NULL,NULL,'122.11.133.28'),(244,3,108,0,1,3,'',2,'2017-03-05 01:37:33',NULL,NULL,'122.11.133.28'),(245,1,109,0,1,3,'',2,'2017-03-05 01:38:44',NULL,NULL,'122.11.133.28'),(246,2,109,0,1,3,'',2,'2017-03-05 01:38:44',NULL,NULL,'122.11.133.28'),(247,3,109,0,1,3,'',2,'2017-03-05 01:38:44',NULL,NULL,'122.11.133.28'),(248,1,110,0,1,3,'',2,'2017-03-05 01:39:04',NULL,NULL,'122.11.133.28'),(249,2,110,0,1,3,'',2,'2017-03-05 01:39:04',NULL,NULL,'122.11.133.28'),(250,3,110,0,1,3,'',2,'2017-03-05 01:39:04',NULL,NULL,'122.11.133.28'),(251,1,111,0,1,3,'',2,'2017-03-05 01:39:19',NULL,NULL,'122.11.133.28'),(252,2,111,0,1,3,'',2,'2017-03-05 01:39:19',NULL,NULL,'122.11.133.28'),(253,3,111,0,1,3,'',2,'2017-03-05 01:39:19',NULL,NULL,'122.11.133.28'),(254,1,112,0,1,3,'',2,'2017-03-05 01:40:02',NULL,NULL,'122.11.133.28'),(255,2,112,0,1,3,'',2,'2017-03-05 01:40:02',NULL,NULL,'122.11.133.28'),(256,3,112,0,1,3,'',2,'2017-03-05 01:40:02',NULL,NULL,'122.11.133.28'),(257,1,113,0,1,3,'',2,'2017-03-05 01:58:55',NULL,NULL,'122.11.133.28'),(258,2,113,0,1,3,'',2,'2017-03-05 01:58:55',NULL,NULL,'122.11.133.28'),(259,3,113,0,1,3,'',2,'2017-03-05 01:58:55',NULL,NULL,'122.11.133.28'),(260,1,114,0,1,3,'',2,'2017-03-05 01:59:37',NULL,NULL,'122.11.133.28'),(261,2,114,0,1,3,'',2,'2017-03-05 01:59:37',NULL,NULL,'122.11.133.28'),(262,3,114,0,1,3,'',2,'2017-03-05 01:59:37',NULL,NULL,'122.11.133.28'),(263,1,115,0,1,3,'',2,'2017-03-05 02:13:17',NULL,NULL,'122.11.133.28'),(264,2,115,0,1,3,'',2,'2017-03-05 02:13:17',NULL,NULL,'122.11.133.28'),(265,3,115,0,1,3,'',2,'2017-03-05 02:13:17',NULL,NULL,'122.11.133.28'),(266,1,116,0,1,3,'',2,'2017-03-05 02:13:33',NULL,NULL,'122.11.133.28'),(267,2,116,0,1,3,'',2,'2017-03-05 02:13:33',NULL,NULL,'122.11.133.28'),(268,3,116,0,1,3,'',2,'2017-03-05 02:13:33',NULL,NULL,'122.11.133.28'),(269,1,117,0,1,3,'',2,'2017-03-05 02:15:58',NULL,NULL,'122.11.133.28'),(270,2,117,0,1,3,'',2,'2017-03-05 02:15:58',NULL,NULL,'122.11.133.28'),(271,3,117,0,1,3,'',2,'2017-03-05 02:15:58',NULL,NULL,'122.11.133.28'),(272,1,118,0,1,3,'',2,'2017-03-05 02:16:13',NULL,NULL,'122.11.133.28'),(273,2,118,0,1,3,'',2,'2017-03-05 02:16:13',NULL,NULL,'122.11.133.28'),(274,3,118,0,1,3,'',2,'2017-03-05 02:16:13',NULL,NULL,'122.11.133.28'),(275,1,119,0,1,3,'',2,'2017-03-05 02:16:28',NULL,NULL,'122.11.133.28'),(276,2,119,0,1,3,'',2,'2017-03-05 02:16:28',NULL,NULL,'122.11.133.28'),(277,3,119,0,1,3,'',2,'2017-03-05 02:16:28',NULL,NULL,'122.11.133.28'),(278,1,120,0,1,3,'',2,'2017-03-05 02:16:57',NULL,NULL,'122.11.133.28'),(279,2,120,0,1,3,'',2,'2017-03-05 02:16:57',NULL,NULL,'122.11.133.28'),(280,3,120,0,1,3,'',2,'2017-03-05 02:16:57',NULL,NULL,'122.11.133.28'),(281,1,121,0,1,3,'',2,'2017-03-05 02:17:13',NULL,NULL,'122.11.133.28'),(282,2,121,0,1,3,'',2,'2017-03-05 02:17:13',NULL,NULL,'122.11.133.28'),(283,3,121,0,1,3,'',2,'2017-03-05 02:17:13',NULL,NULL,'122.11.133.28'),(284,1,122,0,1,3,'',2,'2017-03-05 02:17:28',NULL,NULL,'122.11.133.28'),(285,2,122,0,1,3,'',2,'2017-03-05 02:17:28',NULL,NULL,'122.11.133.28'),(286,3,122,0,1,3,'',2,'2017-03-05 02:17:28',NULL,NULL,'122.11.133.28'),(287,1,123,0,1,3,'',2,'2017-03-05 02:17:59',NULL,NULL,'122.11.133.28'),(288,2,123,0,1,3,'',2,'2017-03-05 02:17:59',NULL,NULL,'122.11.133.28'),(289,3,123,0,1,3,'',2,'2017-03-05 02:17:59',NULL,NULL,'122.11.133.28'),(290,1,124,0,1,3,'',2,'2017-03-05 02:18:16',NULL,NULL,'122.11.133.28'),(291,2,124,0,1,3,'',2,'2017-03-05 02:18:16',NULL,NULL,'122.11.133.28'),(292,3,124,0,1,3,'',2,'2017-03-05 02:18:16',NULL,NULL,'122.11.133.28'),(293,1,125,0,1,3,'',2,'2017-03-05 02:18:31',NULL,NULL,'122.11.133.28'),(294,2,125,0,1,3,'',2,'2017-03-05 02:18:31',NULL,NULL,'122.11.133.28'),(295,3,125,0,1,3,'',2,'2017-03-05 02:18:31',NULL,NULL,'122.11.133.28'),(296,1,126,0,1,3,'',2,'2017-03-17 11:26:36',2,'2017-03-17 11:33:44','203.116.142.32'),(297,2,126,0,1,3,'',2,'2017-03-17 11:26:36',2,'2017-03-17 11:33:44','203.116.142.32'),(298,3,126,0,1,3,'',2,'2017-03-17 11:26:36',2,'2017-03-17 11:33:44','203.116.142.32'),(299,4,126,0,1,3,'',2,'2017-03-17 11:26:36',2,'2017-03-17 11:33:44','203.116.142.32'),(300,1,127,-6,1,1,'',2,'2017-03-17 11:34:28',2,'2017-03-20 04:41:50','118.200.248.197'),(301,2,127,0,1,3,'',2,'2017-03-17 11:34:28',2,'2017-03-17 11:42:34','203.116.142.32'),(302,3,127,0,1,3,'',2,'2017-03-17 11:34:28',2,'2017-03-17 11:42:34','203.116.142.32'),(303,4,127,0,1,3,'',2,'2017-03-17 11:34:28',2,'2017-03-17 11:42:34','203.116.142.32'),(304,1,128,-9,1,1,'',2,'2017-03-17 11:43:57',2,'2017-03-20 04:41:50','118.200.248.197'),(305,2,128,0,1,3,'',2,'2017-03-17 11:43:57',2,'2017-03-17 11:45:47','203.116.142.32'),(306,3,128,0,1,3,'',2,'2017-03-17 11:43:57',2,'2017-03-17 11:45:47','203.116.142.32'),(307,4,128,0,1,3,'',2,'2017-03-17 11:43:57',2,'2017-03-17 11:45:47','203.116.142.32'),(308,1,129,-2,1,1,'',2,'2017-03-17 11:47:44',2,'2017-03-20 04:41:50','118.200.248.197'),(309,2,129,0,1,3,'',2,'2017-03-17 11:47:44',NULL,NULL,'203.116.142.32'),(310,3,129,0,1,3,'',2,'2017-03-17 11:47:44',NULL,NULL,'203.116.142.32'),(311,4,129,0,1,3,'',2,'2017-03-17 11:47:44',NULL,NULL,'203.116.142.32'),(312,1,130,0,1,3,'',2,'2017-03-17 11:50:23',NULL,NULL,'203.116.142.32'),(313,2,130,0,1,3,'',2,'2017-03-17 11:50:23',NULL,NULL,'203.116.142.32'),(314,3,130,0,1,3,'',2,'2017-03-17 11:50:23',NULL,NULL,'203.116.142.32'),(315,4,130,0,1,3,'',2,'2017-03-17 11:50:23',NULL,NULL,'203.116.142.32'),(316,1,131,0,1,3,'',2,'2017-03-17 11:56:10',NULL,NULL,'203.116.142.32'),(317,2,131,0,1,3,'',2,'2017-03-17 11:56:10',NULL,NULL,'203.116.142.32'),(318,3,131,0,1,3,'',2,'2017-03-17 11:56:10',NULL,NULL,'203.116.142.32'),(319,4,131,0,1,3,'',2,'2017-03-17 11:56:10',NULL,NULL,'203.116.142.32'),(320,1,132,0,1,3,'',2,'2017-03-17 11:59:54',NULL,NULL,'203.116.142.32'),(321,2,132,0,1,3,'',2,'2017-03-17 11:59:54',NULL,NULL,'203.116.142.32'),(322,3,132,0,1,3,'',2,'2017-03-17 11:59:54',NULL,NULL,'203.116.142.32'),(323,4,132,0,1,3,'',2,'2017-03-17 11:59:54',NULL,NULL,'203.116.142.32'),(324,1,133,0,1,3,'',2,'2017-03-17 12:02:32',NULL,NULL,'203.116.142.32'),(325,2,133,0,1,3,'',2,'2017-03-17 12:02:32',NULL,NULL,'203.116.142.32'),(326,3,133,0,1,3,'',2,'2017-03-17 12:02:32',NULL,NULL,'203.116.142.32'),(327,4,133,0,1,3,'',2,'2017-03-17 12:02:32',NULL,NULL,'203.116.142.32'),(328,1,134,0,1,3,'',2,'2017-03-17 12:07:10',NULL,NULL,'203.116.142.32'),(329,2,134,0,1,3,'',2,'2017-03-17 12:07:10',NULL,NULL,'203.116.142.32'),(330,3,134,0,1,3,'',2,'2017-03-17 12:07:10',NULL,NULL,'203.116.142.32'),(331,4,134,0,1,3,'',2,'2017-03-17 12:07:10',NULL,NULL,'203.116.142.32'),(332,1,135,0,1,3,'',2,'2017-03-17 12:09:39',NULL,NULL,'203.116.142.32'),(333,2,135,0,1,3,'',2,'2017-03-17 12:09:39',NULL,NULL,'203.116.142.32'),(334,3,135,0,1,3,'',2,'2017-03-17 12:09:39',NULL,NULL,'203.116.142.32'),(335,4,135,0,1,3,'',2,'2017-03-17 12:09:39',NULL,NULL,'203.116.142.32'),(336,1,136,0,1,3,'',2,'2017-03-17 12:11:25',NULL,NULL,'203.116.142.32'),(337,2,136,0,1,3,'',2,'2017-03-17 12:11:25',NULL,NULL,'203.116.142.32'),(338,3,136,0,1,3,'',2,'2017-03-17 12:11:25',NULL,NULL,'203.116.142.32'),(339,4,136,0,1,3,'',2,'2017-03-17 12:11:25',NULL,NULL,'203.116.142.32'),(340,1,137,0,1,3,'',2,'2017-03-17 12:13:56',2,'2017-03-17 12:18:33','203.116.142.32'),(341,2,137,0,1,3,'',2,'2017-03-17 12:13:56',2,'2017-03-17 12:18:33','203.116.142.32'),(342,3,137,0,1,3,'',2,'2017-03-17 12:13:56',2,'2017-03-17 12:18:33','203.116.142.32'),(343,4,137,0,1,3,'',2,'2017-03-17 12:13:56',2,'2017-03-17 12:18:33','203.116.142.32'),(344,1,138,0,1,3,'',2,'2017-03-17 12:17:53',NULL,NULL,'203.116.142.32'),(345,2,138,0,1,3,'',2,'2017-03-17 12:17:53',NULL,NULL,'203.116.142.32'),(346,3,138,0,1,3,'',2,'2017-03-17 12:17:53',NULL,NULL,'203.116.142.32'),(347,4,138,0,1,3,'',2,'2017-03-17 12:17:53',NULL,NULL,'203.116.142.32'),(348,1,139,0,1,3,'',2,'2017-03-17 12:30:24',2,'2017-03-17 13:01:10','203.116.142.32'),(349,2,139,0,1,3,'',2,'2017-03-17 12:30:24',2,'2017-03-17 13:01:10','203.116.142.32'),(350,3,139,0,1,3,'',2,'2017-03-17 12:30:24',2,'2017-03-17 13:01:10','203.116.142.32'),(351,4,139,0,1,3,'',2,'2017-03-17 12:30:24',2,'2017-03-17 13:01:10','203.116.142.32'),(352,1,140,0,1,3,'',2,'2017-03-17 12:32:50',NULL,NULL,'203.116.142.32'),(353,2,140,0,1,3,'',2,'2017-03-17 12:32:50',NULL,NULL,'203.116.142.32'),(354,3,140,0,1,3,'',2,'2017-03-17 12:32:50',NULL,NULL,'203.116.142.32'),(355,4,140,0,1,3,'',2,'2017-03-17 12:32:50',NULL,NULL,'203.116.142.32'),(356,1,141,0,1,3,'',2,'2017-03-17 12:35:20',NULL,NULL,'203.116.142.32'),(357,2,141,0,1,3,'',2,'2017-03-17 12:35:20',NULL,NULL,'203.116.142.32'),(358,3,141,0,1,3,'',2,'2017-03-17 12:35:20',NULL,NULL,'203.116.142.32'),(359,4,141,0,1,3,'',2,'2017-03-17 12:35:20',NULL,NULL,'203.116.142.32'),(360,1,142,0,1,3,'',2,'2017-03-17 12:39:29',NULL,NULL,'203.116.142.32'),(361,2,142,0,1,3,'',2,'2017-03-17 12:39:29',NULL,NULL,'203.116.142.32'),(362,3,142,0,1,3,'',2,'2017-03-17 12:39:29',NULL,NULL,'203.116.142.32'),(363,4,142,0,1,3,'',2,'2017-03-17 12:39:29',NULL,NULL,'203.116.142.32'),(364,1,143,0,1,3,'',2,'2017-03-17 12:41:29',NULL,NULL,'203.116.142.32'),(365,2,143,0,1,3,'',2,'2017-03-17 12:41:29',NULL,NULL,'203.116.142.32'),(366,3,143,0,1,3,'',2,'2017-03-17 12:41:29',NULL,NULL,'203.116.142.32'),(367,4,143,0,1,3,'',2,'2017-03-17 12:41:29',NULL,NULL,'203.116.142.32'),(368,1,144,7,1,1,'',7,'2017-03-17 12:45:17',7,'2017-03-18 11:59:17','192.168.2.1'),(369,2,144,0,1,3,'',2,'2017-03-17 12:45:17',NULL,NULL,'203.116.142.32'),(370,3,144,0,1,3,'',2,'2017-03-17 12:45:17',NULL,NULL,'203.116.142.32'),(371,4,144,0,1,3,'',2,'2017-03-17 12:45:17',NULL,NULL,'203.116.142.32'),(372,1,145,0,1,3,'',2,'2017-03-17 12:47:26',NULL,NULL,'203.116.142.32'),(373,2,145,0,1,3,'',2,'2017-03-17 12:47:26',NULL,NULL,'203.116.142.32'),(374,3,145,0,1,3,'',2,'2017-03-17 12:47:26',NULL,NULL,'203.116.142.32'),(375,4,145,0,1,3,'',2,'2017-03-17 12:47:26',NULL,NULL,'203.116.142.32'),(376,1,146,0,1,3,'',2,'2017-03-17 12:50:38',NULL,NULL,'203.116.142.32'),(377,2,146,0,1,3,'',2,'2017-03-17 12:50:38',NULL,NULL,'203.116.142.32'),(378,3,146,0,1,3,'',2,'2017-03-17 12:50:38',NULL,NULL,'203.116.142.32'),(379,4,146,0,1,3,'',2,'2017-03-17 12:50:38',NULL,NULL,'203.116.142.32'),(380,1,147,0,1,3,'',2,'2017-03-17 12:52:18',NULL,NULL,'203.116.142.32'),(381,2,147,0,1,3,'',2,'2017-03-17 12:52:18',NULL,NULL,'203.116.142.32'),(382,3,147,0,1,3,'',2,'2017-03-17 12:52:18',NULL,NULL,'203.116.142.32'),(383,4,147,0,1,3,'',2,'2017-03-17 12:52:18',NULL,NULL,'203.116.142.32'),(384,1,148,0,1,3,'',2,'2017-03-17 12:53:53',NULL,NULL,'203.116.142.32'),(385,2,148,0,1,3,'',2,'2017-03-17 12:53:53',NULL,NULL,'203.116.142.32'),(386,3,148,0,1,3,'',2,'2017-03-17 12:53:53',NULL,NULL,'203.116.142.32'),(387,4,148,0,1,3,'',2,'2017-03-17 12:53:53',NULL,NULL,'203.116.142.32'),(388,1,149,0,1,3,'',2,'2017-03-17 12:55:50',NULL,NULL,'203.116.142.32'),(389,2,149,0,1,3,'',2,'2017-03-17 12:55:50',NULL,NULL,'203.116.142.32'),(390,3,149,0,1,3,'',2,'2017-03-17 12:55:50',NULL,NULL,'203.116.142.32'),(391,4,149,0,1,3,'',2,'2017-03-17 12:55:50',NULL,NULL,'203.116.142.32'),(392,1,150,0,1,3,'',2,'2017-03-17 12:59:01',NULL,NULL,'203.116.142.32'),(393,2,150,0,1,3,'',2,'2017-03-17 12:59:01',NULL,NULL,'203.116.142.32'),(394,3,150,0,1,3,'',2,'2017-03-17 12:59:01',NULL,NULL,'203.116.142.32'),(395,4,150,0,1,3,'',2,'2017-03-17 12:59:01',NULL,NULL,'203.116.142.32'),(396,1,151,0,1,3,'',2,'2017-03-17 13:00:32',NULL,NULL,'203.116.142.32'),(397,2,151,0,1,3,'',2,'2017-03-17 13:00:32',NULL,NULL,'203.116.142.32'),(398,3,151,0,1,3,'',2,'2017-03-17 13:00:32',NULL,NULL,'203.116.142.32'),(399,4,151,0,1,3,'',2,'2017-03-17 13:00:32',NULL,NULL,'203.116.142.32'),(400,1,152,0,1,3,'',2,'2017-03-17 13:10:53',2,'2017-03-17 13:13:31','203.116.142.32'),(401,2,152,0,1,3,'',2,'2017-03-17 13:10:53',2,'2017-03-17 13:13:31','203.116.142.32'),(402,3,152,0,1,3,'',2,'2017-03-17 13:10:53',2,'2017-03-17 13:13:31','203.116.142.32'),(403,4,152,0,1,3,'',2,'2017-03-17 13:10:53',2,'2017-03-17 13:13:31','203.116.142.32'),(404,1,153,-1,1,1,'',7,'2017-03-17 13:20:08',7,'2017-03-18 11:59:17','192.168.2.1'),(405,2,153,0,1,3,'',2,'2017-03-17 13:20:08',2,'2017-03-17 13:21:48','203.116.142.32'),(406,3,153,0,1,3,'',2,'2017-03-17 13:20:08',2,'2017-03-17 13:21:48','203.116.142.32'),(407,4,153,0,1,3,'',2,'2017-03-17 13:20:08',2,'2017-03-17 13:21:48','203.116.142.32'),(408,1,154,0,1,3,'',2,'2017-03-17 13:23:38',NULL,NULL,'203.116.142.32'),(409,2,154,0,1,3,'',2,'2017-03-17 13:23:38',NULL,NULL,'203.116.142.32'),(410,3,154,0,1,3,'',2,'2017-03-17 13:23:38',NULL,NULL,'203.116.142.32'),(411,4,154,0,1,3,'',2,'2017-03-17 13:23:38',NULL,NULL,'203.116.142.32'),(412,1,155,0,1,3,'',2,'2017-03-17 13:26:03',NULL,NULL,'203.116.142.32'),(413,2,155,0,1,3,'',2,'2017-03-17 13:26:03',NULL,NULL,'203.116.142.32'),(414,3,155,0,1,3,'',2,'2017-03-17 13:26:03',NULL,NULL,'203.116.142.32'),(415,4,155,0,1,3,'',2,'2017-03-17 13:26:03',NULL,NULL,'203.116.142.32'),(416,1,156,0,1,3,'',2,'2017-03-18 02:44:22',NULL,NULL,'203.116.142.32'),(417,2,156,0,1,3,'',2,'2017-03-18 02:44:22',NULL,NULL,'203.116.142.32'),(418,3,156,0,1,3,'',2,'2017-03-18 02:44:22',NULL,NULL,'203.116.142.32'),(419,4,156,0,1,3,'',2,'2017-03-18 02:44:22',NULL,NULL,'203.116.142.32'),(420,1,157,0,1,3,'',7,'2017-03-18 02:52:59',NULL,NULL,'192.168.2.1'),(421,2,157,0,1,3,'',7,'2017-03-18 02:52:59',NULL,NULL,'192.168.2.1'),(422,3,157,0,1,3,'',7,'2017-03-18 02:52:59',NULL,NULL,'192.168.2.1'),(423,1,158,0,1,3,'',2,'2017-03-18 11:03:31',NULL,NULL,'203.116.142.32'),(424,2,158,0,1,3,'',2,'2017-03-18 11:03:31',NULL,NULL,'203.116.142.32'),(425,3,158,0,1,3,'',2,'2017-03-18 11:03:32',NULL,NULL,'203.116.142.32'),(426,4,158,0,1,3,'',2,'2017-03-18 11:03:32',NULL,NULL,'203.116.142.32'),(427,1,159,0,1,3,'',2,'2017-03-18 11:05:40',2,'2017-03-18 11:06:06','203.116.142.32'),(428,2,159,0,1,3,'',2,'2017-03-18 11:05:40',2,'2017-03-18 11:06:06','203.116.142.32'),(429,3,159,0,1,3,'',2,'2017-03-18 11:05:40',2,'2017-03-18 11:06:06','203.116.142.32'),(430,4,159,0,1,3,'',2,'2017-03-18 11:05:40',2,'2017-03-18 11:06:06','203.116.142.32'),(431,1,160,0,1,3,'',2,'2017-03-18 11:06:35',2,'2017-03-18 11:08:58','203.116.142.32'),(432,2,160,0,1,3,'',2,'2017-03-18 11:06:35',2,'2017-03-18 11:08:58','203.116.142.32'),(433,3,160,0,1,3,'',2,'2017-03-18 11:06:35',2,'2017-03-18 11:08:58','203.116.142.32'),(434,4,160,0,1,3,'',2,'2017-03-18 11:06:35',2,'2017-03-18 11:08:58','203.116.142.32'),(435,1,161,0,1,3,'',2,'2017-03-18 11:13:21',NULL,NULL,'203.116.142.32'),(436,2,161,0,1,3,'',2,'2017-03-18 11:13:21',NULL,NULL,'203.116.142.32'),(437,3,161,0,1,3,'',2,'2017-03-18 11:13:21',NULL,NULL,'203.116.142.32'),(438,4,161,0,1,3,'',2,'2017-03-18 11:13:21',NULL,NULL,'203.116.142.32'),(439,1,162,0,1,3,'',2,'2017-03-18 11:15:11',NULL,NULL,'203.116.142.32'),(440,2,162,0,1,3,'',2,'2017-03-18 11:15:11',NULL,NULL,'203.116.142.32'),(441,3,162,0,1,3,'',2,'2017-03-18 11:15:11',NULL,NULL,'203.116.142.32'),(442,4,162,0,1,3,'',2,'2017-03-18 11:15:11',NULL,NULL,'203.116.142.32'),(443,1,163,0,1,3,'',2,'2017-03-18 11:17:45',NULL,NULL,'203.116.142.32'),(444,2,163,0,1,3,'',2,'2017-03-18 11:17:45',NULL,NULL,'203.116.142.32'),(445,3,163,0,1,3,'',2,'2017-03-18 11:17:45',NULL,NULL,'203.116.142.32'),(446,4,163,0,1,3,'',2,'2017-03-18 11:17:45',NULL,NULL,'203.116.142.32'),(447,1,164,0,1,3,'',2,'2017-03-18 11:18:08',NULL,NULL,'203.116.142.32'),(448,2,164,0,1,3,'',2,'2017-03-18 11:18:08',NULL,NULL,'203.116.142.32'),(449,3,164,0,1,3,'',2,'2017-03-18 11:18:08',NULL,NULL,'203.116.142.32'),(450,4,164,0,1,3,'',2,'2017-03-18 11:18:08',NULL,NULL,'203.116.142.32'),(451,1,165,0,1,3,'',2,'2017-03-18 11:20:14',NULL,NULL,'203.116.142.32'),(452,2,165,0,1,3,'',2,'2017-03-18 11:20:14',NULL,NULL,'203.116.142.32'),(453,3,165,0,1,3,'',2,'2017-03-18 11:20:14',NULL,NULL,'203.116.142.32'),(454,4,165,0,1,3,'',2,'2017-03-18 11:20:14',NULL,NULL,'203.116.142.32'),(455,1,166,0,1,3,'',2,'2017-03-18 11:22:22',NULL,NULL,'203.116.142.32'),(456,2,166,0,1,3,'',2,'2017-03-18 11:22:22',NULL,NULL,'203.116.142.32'),(457,3,166,0,1,3,'',2,'2017-03-18 11:22:22',NULL,NULL,'203.116.142.32'),(458,4,166,0,1,3,'',2,'2017-03-18 11:22:22',NULL,NULL,'203.116.142.32'),(459,1,167,0,1,3,'',2,'2017-03-18 11:23:55',NULL,NULL,'203.116.142.32'),(460,2,167,0,1,3,'',2,'2017-03-18 11:23:55',NULL,NULL,'203.116.142.32'),(461,3,167,0,1,3,'',2,'2017-03-18 11:23:55',NULL,NULL,'203.116.142.32'),(462,4,167,0,1,3,'',2,'2017-03-18 11:23:55',NULL,NULL,'203.116.142.32'),(463,1,168,0,1,3,'',2,'2017-03-18 11:28:38',NULL,NULL,'203.116.142.32'),(464,2,168,0,1,3,'',2,'2017-03-18 11:28:38',NULL,NULL,'203.116.142.32'),(465,3,168,0,1,3,'',2,'2017-03-18 11:28:39',NULL,NULL,'203.116.142.32'),(466,4,168,0,1,3,'',2,'2017-03-18 11:28:39',NULL,NULL,'203.116.142.32'),(467,1,169,0,1,3,'',2,'2017-03-18 11:31:12',NULL,NULL,'203.116.142.32'),(468,2,169,0,1,3,'',2,'2017-03-18 11:31:12',NULL,NULL,'203.116.142.32'),(469,3,169,0,1,3,'',2,'2017-03-18 11:31:12',NULL,NULL,'203.116.142.32'),(470,4,169,0,1,3,'',2,'2017-03-18 11:31:12',NULL,NULL,'203.116.142.32'),(471,1,170,0,1,3,'',2,'2017-03-18 11:33:20',NULL,NULL,'203.116.142.32'),(472,2,170,0,1,3,'',2,'2017-03-18 11:33:20',NULL,NULL,'203.116.142.32'),(473,3,170,0,1,3,'',2,'2017-03-18 11:33:20',NULL,NULL,'203.116.142.32'),(474,4,170,0,1,3,'',2,'2017-03-18 11:33:20',NULL,NULL,'203.116.142.32'),(475,1,171,0,1,3,'',2,'2017-03-18 11:33:31',2,'2017-03-18 11:36:45','203.116.142.32'),(476,2,171,0,1,3,'',2,'2017-03-18 11:33:31',2,'2017-03-18 11:36:45','203.116.142.32'),(477,3,171,0,1,3,'',2,'2017-03-18 11:33:31',2,'2017-03-18 11:36:45','203.116.142.32'),(478,4,171,0,1,3,'',2,'2017-03-18 11:33:31',2,'2017-03-18 11:36:45','203.116.142.32'),(479,1,172,0,1,3,'',2,'2017-03-18 11:39:16',NULL,NULL,'203.116.142.32'),(480,2,172,0,1,3,'',2,'2017-03-18 11:39:16',NULL,NULL,'203.116.142.32'),(481,3,172,0,1,3,'',2,'2017-03-18 11:39:16',NULL,NULL,'203.116.142.32'),(482,4,172,0,1,3,'',2,'2017-03-18 11:39:16',NULL,NULL,'203.116.142.32'),(483,1,173,0,1,1,'',2,'2017-03-18 11:45:43',2,'2017-03-24 10:53:23','192.168.2.1'),(484,2,173,0,1,3,'',2,'2017-03-18 11:45:43',2,'2017-03-24 03:02:48','192.168.2.1'),(485,3,173,0,1,3,'',2,'2017-03-18 11:45:43',2,'2017-03-24 03:02:48','192.168.2.1'),(486,4,173,0,1,3,'',2,'2017-03-18 11:45:43',2,'2017-03-24 03:02:48','192.168.2.1'),(487,1,174,0,1,1,'',2,'2017-03-18 11:56:10',2,'2017-03-24 10:53:23','192.168.2.1'),(488,2,174,0,1,3,'',2,'2017-03-18 11:56:10',2,'2017-03-24 03:03:22','192.168.2.1'),(489,3,174,0,1,3,'',2,'2017-03-18 11:56:10',2,'2017-03-24 03:03:22','192.168.2.1'),(490,4,174,0,1,3,'',2,'2017-03-18 11:56:10',2,'2017-03-24 03:03:22','192.168.2.1'),(491,1,175,0,1,1,'',2,'2017-03-18 12:01:34',2,'2017-03-24 10:53:23','192.168.2.1'),(492,2,175,0,1,3,'',2,'2017-03-18 12:01:34',2,'2017-03-24 03:03:45','192.168.2.1'),(493,3,175,0,1,3,'',2,'2017-03-18 12:01:34',2,'2017-03-24 03:03:45','192.168.2.1'),(494,4,175,0,1,3,'',2,'2017-03-18 12:01:34',2,'2017-03-24 03:03:46','192.168.2.1'),(495,1,176,0,1,1,'',2,'2017-03-18 12:03:07',2,'2017-03-24 10:53:24','192.168.2.1'),(496,2,176,0,1,3,'',2,'2017-03-18 12:03:07',2,'2017-03-24 03:04:26','192.168.2.1'),(497,3,176,0,1,3,'',2,'2017-03-18 12:03:07',2,'2017-03-24 03:04:26','192.168.2.1'),(498,4,176,0,1,3,'',2,'2017-03-18 12:03:07',2,'2017-03-24 03:04:26','192.168.2.1'),(499,1,177,0,1,1,'',2,'2017-03-18 12:08:14',2,'2017-03-24 10:53:24','192.168.2.1'),(500,2,177,2,1,3,'',2,'2017-03-18 12:08:14',2,'2017-03-24 03:05:02','192.168.2.1'),(501,3,177,8,1,3,'',2,'2017-03-18 12:08:14',2,'2017-03-24 03:05:02','192.168.2.1'),(502,4,177,0,1,3,'',2,'2017-03-18 12:08:14',2,'2017-03-24 03:05:02','192.168.2.1'),(503,1,178,0,1,3,'',2,'2017-03-18 12:29:53',2,'2017-03-18 12:34:08','203.116.142.32'),(504,2,178,0,1,3,'',2,'2017-03-18 12:29:53',2,'2017-03-18 12:34:08','203.116.142.32'),(505,3,178,0,1,3,'',2,'2017-03-18 12:29:53',2,'2017-03-18 12:34:08','203.116.142.32'),(506,4,178,0,1,3,'',2,'2017-03-18 12:29:53',2,'2017-03-18 12:34:08','203.116.142.32'),(507,1,179,0,1,3,'',2,'2017-03-18 12:38:28',2,'2017-03-18 12:39:21','203.116.142.32'),(508,2,179,0,1,3,'',2,'2017-03-18 12:38:28',2,'2017-03-18 12:39:21','203.116.142.32'),(509,3,179,0,1,3,'',2,'2017-03-18 12:38:28',2,'2017-03-18 12:39:22','203.116.142.32'),(510,4,179,0,1,3,'',2,'2017-03-18 12:38:28',2,'2017-03-18 12:39:22','203.116.142.32'),(511,1,180,0,1,3,'',2,'2017-03-18 12:42:11',2,'2017-03-18 12:42:44','203.116.142.32'),(512,2,180,0,1,3,'',2,'2017-03-18 12:42:11',2,'2017-03-18 12:42:44','203.116.142.32'),(513,3,180,0,1,3,'',2,'2017-03-18 12:42:11',2,'2017-03-18 12:42:44','203.116.142.32'),(514,4,180,0,1,3,'',2,'2017-03-18 12:42:11',2,'2017-03-18 12:42:44','203.116.142.32'),(515,1,181,0,1,3,'',2,'2017-03-18 12:44:26',NULL,NULL,'203.116.142.32'),(516,2,181,0,1,3,'',2,'2017-03-18 12:44:26',NULL,NULL,'203.116.142.32'),(517,3,181,0,1,3,'',2,'2017-03-18 12:44:26',NULL,NULL,'203.116.142.32'),(518,4,181,0,1,3,'',2,'2017-03-18 12:44:26',NULL,NULL,'203.116.142.32'),(519,1,182,0,1,3,'',2,'2017-03-18 12:45:56',2,'2017-03-18 12:46:13','203.116.142.32'),(520,2,182,0,1,3,'',2,'2017-03-18 12:45:56',2,'2017-03-18 12:46:13','203.116.142.32'),(521,3,182,0,1,3,'',2,'2017-03-18 12:45:56',2,'2017-03-18 12:46:13','203.116.142.32'),(522,4,182,0,1,3,'',2,'2017-03-18 12:45:56',2,'2017-03-18 12:46:13','203.116.142.32'),(523,2,177,2,1,3,'',2,'2017-03-19 13:10:52',2,'2017-03-24 03:05:02','192.168.2.1'),(524,1,183,0,1,3,'',2,'2017-03-20 12:40:45',NULL,NULL,'203.116.142.32'),(525,2,183,0,1,3,'',2,'2017-03-20 12:40:45',NULL,NULL,'203.116.142.32'),(526,3,183,0,1,3,'TEST',2,'2017-03-20 12:40:45',2,'2017-03-22 07:28:46','203.116.142.32'),(527,4,183,0,1,3,'',2,'2017-03-20 12:40:45',NULL,NULL,'203.116.142.32'),(528,1,184,0,1,1,'',2,'2017-03-23 12:18:40',NULL,NULL,'203.116.142.32'),(529,2,184,0,1,1,'',2,'2017-03-23 12:18:40',NULL,NULL,'203.116.142.32'),(530,3,184,0,1,1,'',2,'2017-03-23 12:18:40',NULL,NULL,'203.116.142.32'),(531,4,184,0,1,1,'',2,'2017-03-23 12:18:40',NULL,NULL,'203.116.142.32');
/*!40000 ALTER TABLE `uc_branch_products` ENABLE KEYS */;
UNLOCK TABLES;

--
-- Table structure for table `uc_branches`
--

DROP TABLE IF EXISTS `uc_branches`;
/*!40101 SET @saved_cs_client     = @@character_set_client */;
/*!40101 SET character_set_client = utf8 */;
CREATE TABLE `uc_branches` (
  `id` bigint(20) NOT NULL AUTO_INCREMENT,
  `company_id` bigint(20) DEFAULT NULL,
  `branch_name` varchar(250) DEFAULT NULL,
  `address` text,
  `status` int(11) NOT NULL DEFAULT '1' COMMENT '1-Active, 2-Inactive, 10-Deleted',
  `bank_acc_id` bigint(20) DEFAULT NULL,
  `branch_id` bigint(20) DEFAULT NULL,
  `created_by` bigint(20) DEFAULT NULL,
  `created_on` timestamp NULL DEFAULT NULL,
  `updated_by` bigint(20) DEFAULT NULL,
  `updated_on` timestamp NULL DEFAULT NULL,
  PRIMARY KEY (`id`),
  KEY `created_by` (`created_by`),
  KEY `updated_by` (`updated_by`),
  KEY `company_id` (`company_id`),
  KEY `branch_id` (`branch_id`),
  CONSTRAINT `uc_branches_ibfk_2` FOREIGN KEY (`created_by`) REFERENCES `uc_users` (`id`),
  CONSTRAINT `uc_branches_ibfk_3` FOREIGN KEY (`updated_by`) REFERENCES `uc_users` (`id`),
  CONSTRAINT `uc_branches_ibfk_4` FOREIGN KEY (`company_id`) REFERENCES `uc_companies` (`id`),
  CONSTRAINT `uc_branches_ibfk_5` FOREIGN KEY (`branch_id`) REFERENCES `uc_branches` (`id`)
) ENGINE=InnoDB AUTO_INCREMENT=5 DEFAULT CHARSET=latin1;
/*!40101 SET character_set_client = @saved_cs_client */;

--
-- Dumping data for table `uc_branches`
--

LOCK TABLES `uc_branches` WRITE;
/*!40000 ALTER TABLE `uc_branches` DISABLE KEYS */;
INSERT INTO `uc_branches` VALUES (1,1,'UCS SERVICE  #05-06','NO 1 ROCHOR CANAL,\r\n#05-06 SIM LIM SQUARE,\r\nSINGAPORE 188504\r\nTEL:+65 63370456',1,1,1,7,'2017-03-22 07:28:20',NULL,NULL),(2,1,'UCS SALES #02-66','NO 1 ROCHOR CANAL,\r\n#02-66 SIM LIM SQUARE,\r\nSINGAPORE 188504\r\nTEL:+65 63370456',1,1,1,7,'2017-03-22 07:28:20',NULL,NULL),(3,1,'UCS SALES #05-54','NO 1 ROCHOR CANAL,\r\n#05-54 SIM LIM SQUARE,\r\nSINGAPORE 188504\r\nTEL:+65 63370456',1,1,1,7,'2017-03-22 07:28:20',NULL,NULL),(4,1,'UNIVERSAL ','NO 1 ROCHOR CANAL,\r\n#05-54 SIM LIM SQUARE,\r\nSINGAPORE 188504\r\nTEL:+65 63370456',1,1,1,7,'2017-03-22 07:28:20',NULL,NULL);
/*!40000 ALTER TABLE `uc_branches` ENABLE KEYS */;
UNLOCK TABLES;

--
-- Table structure for table `uc_buy_one_get_one`
--

DROP TABLE IF EXISTS `uc_buy_one_get_one`;
/*!40101 SET @saved_cs_client     = @@character_set_client */;
/*!40101 SET character_set_client = utf8 */;
CREATE TABLE `uc_buy_one_get_one` (
  `id` bigint(20) NOT NULL AUTO_INCREMENT,
  `item_id` int(11) DEFAULT NULL,
  `from_date` timestamp NULL DEFAULT NULL,
  `to_date` timestamp NULL DEFAULT NULL,
  `remarks` text,
  `status` int(1) DEFAULT NULL COMMENT '1-Active, 2-In-Active, 10-Deleted',
  `created_on` timestamp NULL DEFAULT NULL,
  `created_by` bigint(20) DEFAULT NULL,
  `updated_on` timestamp NULL DEFAULT NULL,
  `updated_by` bigint(20) DEFAULT NULL,
  PRIMARY KEY (`id`),
  KEY `item_id` (`item_id`),
  KEY `created_by` (`created_by`),
  KEY `updated_by` (`updated_by`),
  CONSTRAINT `uc_buy_one_get_one_ibfk_1` FOREIGN KEY (`item_id`) REFERENCES `uc_product` (`id`),
  CONSTRAINT `uc_buy_one_get_one_ibfk_2` FOREIGN KEY (`created_by`) REFERENCES `uc_users` (`id`),
  CONSTRAINT `uc_buy_one_get_one_ibfk_3` FOREIGN KEY (`updated_by`) REFERENCES `uc_users` (`id`)
) ENGINE=InnoDB AUTO_INCREMENT=2 DEFAULT CHARSET=utf8;
/*!40101 SET character_set_client = @saved_cs_client */;

--
-- Dumping data for table `uc_buy_one_get_one`
--

LOCK TABLES `uc_buy_one_get_one` WRITE;
/*!40000 ALTER TABLE `uc_buy_one_get_one` DISABLE KEYS */;
INSERT INTO `uc_buy_one_get_one` VALUES (1,127,'2017-03-17 16:00:00',NULL,'REFULGENCE - TESTING',1,'2017-03-18 10:53:26',7,NULL,NULL);
/*!40000 ALTER TABLE `uc_buy_one_get_one` ENABLE KEYS */;
UNLOCK TABLES;

--
-- Table structure for table `uc_buy_one_get_one_items`
--

DROP TABLE IF EXISTS `uc_buy_one_get_one_items`;
/*!40101 SET @saved_cs_client     = @@character_set_client */;
/*!40101 SET character_set_client = utf8 */;
CREATE TABLE `uc_buy_one_get_one_items` (
  `id` bigint(20) NOT NULL AUTO_INCREMENT,
  `bogo_id` bigint(20) DEFAULT NULL,
  `offer_item_id` int(11) DEFAULT NULL,
  `selling_price` decimal(10,2) DEFAULT NULL,
  `offer_price` decimal(10,2) NOT NULL,
  `status` int(1) DEFAULT NULL COMMENT '1-Active, 2-In-Active, 10-Deleted',
  `created_on` timestamp NULL DEFAULT NULL,
  `created_by` bigint(20) DEFAULT NULL,
  `updated_on` timestamp NULL DEFAULT NULL,
  `updated_by` bigint(20) DEFAULT NULL,
  PRIMARY KEY (`id`),
  KEY `bogo_id` (`bogo_id`),
  KEY `offer_item_id` (`offer_item_id`),
  KEY `created_by` (`created_by`),
  KEY `updated_by` (`updated_by`),
  CONSTRAINT `uc_buy_one_get_one_items_ibfk_1` FOREIGN KEY (`bogo_id`) REFERENCES `uc_buy_one_get_one` (`id`),
  CONSTRAINT `uc_buy_one_get_one_items_ibfk_2` FOREIGN KEY (`offer_item_id`) REFERENCES `uc_product` (`id`),
  CONSTRAINT `uc_buy_one_get_one_items_ibfk_3` FOREIGN KEY (`created_by`) REFERENCES `uc_users` (`id`),
  CONSTRAINT `uc_buy_one_get_one_items_ibfk_4` FOREIGN KEY (`updated_by`) REFERENCES `uc_users` (`id`)
) ENGINE=InnoDB AUTO_INCREMENT=2 DEFAULT CHARSET=utf8;
/*!40101 SET character_set_client = @saved_cs_client */;

--
-- Dumping data for table `uc_buy_one_get_one_items`
--

LOCK TABLES `uc_buy_one_get_one_items` WRITE;
/*!40000 ALTER TABLE `uc_buy_one_get_one_items` DISABLE KEYS */;
INSERT INTO `uc_buy_one_get_one_items` VALUES (1,1,127,0.00,0.00,1,'2017-03-18 10:53:26',7,NULL,NULL);
/*!40000 ALTER TABLE `uc_buy_one_get_one_items` ENABLE KEYS */;
UNLOCK TABLES;

--
-- Table structure for table `uc_category`
--

DROP TABLE IF EXISTS `uc_category`;
/*!40101 SET @saved_cs_client     = @@character_set_client */;
/*!40101 SET character_set_client = utf8 */;
CREATE TABLE `uc_category` (
  `id` int(11) NOT NULL AUTO_INCREMENT,
  `cat_code` varchar(20) NOT NULL,
  `cat_name` varchar(250) NOT NULL,
  `status` int(1) NOT NULL,
  `branch_id` bigint(20) DEFAULT NULL,
  `created_by` bigint(20) DEFAULT NULL,
  `created_on` timestamp NULL DEFAULT NULL,
  `updated_by` bigint(20) DEFAULT NULL,
  `updated_on` timestamp NULL DEFAULT NULL,
  PRIMARY KEY (`id`),
  KEY `created_by` (`created_by`),
  KEY `updated_by` (`updated_by`),
  KEY `branch_id` (`branch_id`),
  CONSTRAINT `uc_category_ibfk_2` FOREIGN KEY (`created_by`) REFERENCES `uc_users` (`id`),
  CONSTRAINT `uc_category_ibfk_3` FOREIGN KEY (`updated_by`) REFERENCES `uc_users` (`id`),
  CONSTRAINT `uc_category_ibfk_4` FOREIGN KEY (`branch_id`) REFERENCES `uc_branches` (`id`)
) ENGINE=InnoDB AUTO_INCREMENT=132 DEFAULT CHARSET=latin1;
/*!40101 SET character_set_client = @saved_cs_client */;

--
-- Dumping data for table `uc_category`
--

LOCK TABLES `uc_category` WRITE;
/*!40000 ALTER TABLE `uc_category` DISABLE KEYS */;
INSERT INTO `uc_category` VALUES (1,'BND_PAN001','PANCHAYAT BYPOLLS IN EIGHT TRIPURA DISTRICTS ',1,1,2,'2017-02-02 13:41:58',NULL,NULL),(2,'BND_PEN002','PEN DRIVE',1,1,2,'2017-02-04 07:26:43',NULL,NULL),(3,'BND_MEM003','MEMORY CARD',1,1,2,'2017-02-04 07:27:57',NULL,NULL),(4,'BND_CAB004','CABLES AND WIRES',1,1,2,'2017-02-04 07:29:42',NULL,NULL),(5,'BND_SPE005','SPEAKERS',1,1,2,'2017-02-04 07:30:32',NULL,NULL),(6,'BND_HOU006','HOUSE CALIFORNIA',1,3,2,'2017-02-10 02:15:17',NULL,NULL),(7,'BND_TOS007','TOSHIBA ',1,3,2,'2017-02-10 02:17:46',NULL,NULL),(8,'BND_SEA008','SEAGATE',1,3,2,'2017-02-10 02:17:54',NULL,NULL),(9,'BND_SAM009','SAMSUNG',1,3,2,'2017-02-10 02:18:01',NULL,NULL),(10,'BND_MIC010','MICROSOFT ',1,3,2,'2017-02-12 08:51:54',NULL,NULL),(11,'BND_ASU011','ASUS',1,3,2,'2017-02-12 08:55:30',NULL,NULL),(12,'BND_WD012','WD',1,3,2,'2017-02-15 03:23:11',NULL,NULL),(13,'BND_SAN013','SANDISK',1,3,2,'2017-02-23 08:40:05',NULL,NULL),(14,'BND_DEL014','DELL',1,3,2,'2017-02-23 08:40:13',NULL,NULL),(15,'BND_ACE015','ACER',1,3,2,'2017-02-23 08:40:22',NULL,NULL),(16,'BND_REM016','REMAX',1,3,2,'2017-02-23 08:41:02',NULL,NULL),(17,'BND_UGR017','UGREEN',1,3,2,'2017-02-23 08:41:14',NULL,NULL),(18,'BND_LDN018','LDNIO',1,3,2,'2017-02-23 08:41:21',NULL,NULL),(19,'BND_TAR019','TARGUS',1,3,2,'2017-02-23 08:41:30',NULL,NULL),(20,'BND_SOU020','SOUNDTECH',1,3,2,'2017-02-23 08:41:55',NULL,NULL),(21,'BND_LB-021','LB-LINK',1,3,2,'2017-02-23 08:42:08',NULL,NULL),(22,'BND_TP-022','TP-LINK',1,3,2,'2017-02-23 08:42:17',NULL,NULL),(23,'BND_D-L023','D-LINK',1,3,2,'2017-02-23 08:42:24',NULL,NULL),(24,'BND_EDU024','EDUP',1,3,2,'2017-02-23 08:44:04',NULL,NULL),(25,'BND_RII025','RIITEK',1,3,2,'2017-02-23 08:44:15',NULL,NULL),(26,'BND_GP026','GP',1,3,2,'2017-02-23 09:26:37',NULL,NULL),(27,'BND_ARM027','ARMAGGEDDON',1,3,2,'2017-02-23 09:26:58',NULL,NULL),(28,'BND_COO028','COOLER MASTER',1,3,2,'2017-02-23 09:27:10',NULL,NULL),(29,'BND_HEA029','HEADWAY',1,3,2,'2017-02-23 09:27:19',NULL,NULL),(30,'BND_A4T030','A4TECH',1,3,2,'2017-02-23 09:27:27',NULL,NULL),(31,'BND_BAN031','BANDA',1,3,2,'2017-02-23 09:27:49',NULL,NULL),(32,'BND_HP032','HP',1,3,2,'2017-02-23 09:28:00',NULL,NULL),(33,'BND_POW033','POWERLOGIC',1,3,2,'2017-02-23 09:30:25',9,'2017-03-01 04:06:13'),(34,'BND_KIN034','KINGSTON ',1,3,2,'2017-02-23 09:42:26',NULL,NULL),(35,'BND_LG035','LG',1,3,2,'2017-02-23 09:42:37',NULL,NULL),(36,'BND_LEN036','LENOVO',1,3,2,'2017-02-23 09:42:49',NULL,NULL),(37,'BND_X1037','X1',1,3,2,'2017-02-23 09:43:55',NULL,NULL),(38,'BND_UNI038','UNITEK',1,3,2,'2017-02-23 09:44:01',NULL,NULL),(39,'BND_ING039','INGAMAR',1,3,2,'2017-02-23 09:44:15',NULL,NULL),(40,'BND_IBM040','IBM',1,3,2,'2017-02-23 09:45:04',NULL,NULL),(41,'BND_ORI041','ORICO',1,3,2,'2017-02-23 09:46:33',NULL,NULL),(42,'BND_YAS042','YASHICA',1,3,2,'2017-02-23 09:46:42',NULL,NULL),(43,'BND_PRO043','PROLINK',1,3,2,'2017-02-23 09:47:14',NULL,NULL),(44,'BND_GOO044','GOOGLE',1,3,2,'2017-02-23 09:47:23',NULL,NULL),(45,'BND_RKM045','RKM',1,3,2,'2017-02-23 09:50:00',9,'2017-03-01 04:07:59'),(46,'BND_SEN046','SENNHEISER',1,3,2,'2017-02-23 09:50:51',NULL,NULL),(47,'BND_NET047','NETGEAR',1,3,2,'2017-02-23 09:51:31',NULL,NULL),(48,'BND_BYZ048','BYZ',1,3,2,'2017-02-23 09:52:13',NULL,NULL),(49,'BND_ZOT049','ZOTAC',1,3,2,'2017-02-23 09:52:47',NULL,NULL),(50,'BND_GIG050','GIGABYTE',1,3,2,'2017-02-23 09:53:10',NULL,NULL),(51,'BND_CRE051','CREATIVE',1,3,2,'2017-02-24 11:42:05',9,'2017-03-01 03:35:23'),(52,'BND_BEL052','BELKIN',1,3,9,'2017-03-01 03:25:49',NULL,NULL),(53,'BND_APP053','APPLE',1,3,9,'2017-03-01 03:26:05',NULL,NULL),(54,'BND_JAB054','JABRA',1,3,9,'2017-03-01 03:26:39',NULL,NULL),(55,'BND_PHI055','PHILIPS',1,3,9,'2017-03-01 03:26:47',NULL,NULL),(56,'BND_BRO056','BROTHER',1,3,9,'2017-03-01 03:31:01',NULL,NULL),(57,'BND_DEE057','DEEP COOL',1,3,9,'2017-03-01 03:31:17',9,'2017-03-01 03:36:34'),(58,'BND_TEC058','TECHWARE',1,3,9,'2017-03-01 03:31:53',NULL,NULL),(59,'BND_NZX059','NZXT',1,3,9,'2017-03-01 03:32:02',NULL,NULL),(60,'BND_ATZ060','ATZ',1,3,9,'2017-03-01 03:36:57',NULL,NULL),(61,'BND_ATE061','ATEN',1,3,9,'2017-03-01 03:37:04',NULL,NULL),(62,'BND_CIS062','CISCO',1,3,9,'2017-03-01 03:37:36',NULL,NULL),(63,'BND_TRA063','TRANSCEND',1,3,9,'2017-03-01 03:38:51',NULL,NULL),(64,'BND_G.S064','G.SKILL',1,3,9,'2017-03-01 03:39:10',NULL,NULL),(65,'BND_BIO065','BIOSTAR',1,3,9,'2017-03-01 03:39:31',NULL,NULL),(66,'BND_ASR066','ASROCK',1,3,9,'2017-03-01 03:39:42',NULL,NULL),(67,'BND_COR067','CORSAIR',1,3,9,'2017-03-01 03:40:14',NULL,NULL),(68,'BND_RC068','RC',1,3,9,'2017-03-01 03:40:33',NULL,NULL),(69,'BND_ADA069','ADATA',1,3,9,'2017-03-01 03:41:03',NULL,NULL),(70,'BND_PLE070','PLEXTOR',1,3,9,'2017-03-01 03:41:20',NULL,NULL),(71,'BND_HIT071','HITACHI',1,3,9,'2017-03-01 03:41:35',NULL,NULL),(72,'BND_ZYX072','ZYXEL',1,3,9,'2017-03-01 03:42:12',9,'2017-03-01 04:15:09'),(73,'BND_PAN073','PANASONIC',1,3,9,'2017-03-01 03:42:48',NULL,NULL),(74,'BND_FUJ074','FUJITSU',1,3,9,'2017-03-01 03:42:59',NULL,NULL),(75,'BND_SIL075','SILVERSTONE',1,3,9,'2017-03-01 03:43:23',NULL,NULL),(76,'BND_FRA076','FRACTAL DESIGN',1,3,9,'2017-03-01 03:43:34',NULL,NULL),(77,'BND_LEA077','LEADTEK',1,3,9,'2017-03-01 03:43:52',NULL,NULL),(78,'BND_MSI078','MSI',1,3,9,'2017-03-01 03:44:01',NULL,NULL),(79,'BND_PAL079','PALIT',1,3,9,'2017-03-01 03:44:18',NULL,NULL),(80,'BND_IMA080','IMATION',1,3,9,'2017-03-01 03:44:54',NULL,NULL),(81,'BND_VER081','VERBATIM',1,3,9,'2017-03-01 03:45:07',NULL,NULL),(82,'BND_APC082','APC',1,3,9,'2017-03-01 03:45:28',NULL,NULL),(83,'BND_SAP083','SAPPHIRE',1,3,9,'2017-03-01 03:45:48',NULL,NULL),(84,'BND_ICU084','ICUTE',1,3,9,'2017-03-01 03:47:57',NULL,NULL),(85,'BND_VIE085','VIEWSONIC',1,3,9,'2017-03-01 03:48:09',NULL,NULL),(86,'BND_AOC086','AOC',1,3,9,'2017-03-01 03:48:19',NULL,NULL),(87,'BND_BEN087','BENQ',1,3,9,'2017-03-01 03:48:32',NULL,NULL),(88,'BND_INF088','INFOCUS',1,3,9,'2017-03-01 03:48:49',NULL,NULL),(89,'BND_THE089','THERMALTAKE',1,3,9,'2017-03-01 03:49:14',NULL,NULL),(90,'BND_SEA090','SEASONIC',1,3,9,'2017-03-01 03:50:18',NULL,NULL),(91,'BND_FSP091','FSP',1,3,9,'2017-03-01 03:50:40',NULL,NULL),(92,'BND_BUF092','BUFFALO',1,3,9,'2017-03-01 03:51:17',NULL,NULL),(93,'BND_SYN093','SYNOLOGY',1,3,9,'2017-03-01 03:51:27',NULL,NULL),(94,'BND_QNA094','QNAP',1,3,9,'2017-03-01 03:51:38',NULL,NULL),(95,'BND_ESE095','ESET',1,3,9,'2017-03-01 03:51:51',NULL,NULL),(96,'BND_NOR096','NORTON',1,3,9,'2017-03-01 03:52:00',NULL,NULL),(97,'BND_MCA097','MCAFEE',1,3,9,'2017-03-01 03:53:20',NULL,NULL),(98,'BND_TRE098','TRENDMICRO',1,3,9,'2017-03-01 03:53:32',NULL,NULL),(99,'BND_KAS099','KASPERSKY',1,3,9,'2017-03-01 03:53:44',NULL,NULL),(100,'BND_BIT100','BITDEFENDER',1,3,9,'2017-03-01 03:54:00',NULL,NULL),(101,'BND_PAN101','PANDA',1,3,9,'2017-03-01 03:54:12',NULL,NULL),(102,'BND_EPS102','EPSON',1,3,9,'2017-03-01 03:54:37',NULL,NULL),(103,'BND_CAN103','CANON',1,3,9,'2017-03-01 03:54:51',NULL,NULL),(104,'BND_GAR104','GARMIN',1,3,9,'2017-03-01 03:55:21',NULL,NULL),(105,'BND_EDI105','EDIMAX',1,3,9,'2017-03-01 03:56:51',NULL,NULL),(106,'BND_UBI106','UBIQUITI',1,3,9,'2017-03-01 03:57:21',NULL,NULL),(107,'BND_AZT107','AZTECH',1,3,9,'2017-03-01 03:57:40',NULL,NULL),(108,'BND_LOG108','LOGITECH',1,3,9,'2017-03-01 03:59:46',NULL,NULL),(109,'BND_IOG109','IOGEAR',1,3,9,'2017-03-01 04:00:07',NULL,NULL),(110,'BND_HUA110','HUAWEI',1,3,9,'2017-03-01 04:00:22',NULL,NULL),(111,'BND_LIN111','LINKSYS',1,3,2,'2017-03-01 04:00:42',NULL,NULL),(112,'BND_AMA112','AMAZON',1,3,9,'2017-03-01 04:00:54',NULL,NULL),(113,'BND_EDI113','EDIFIER',1,3,9,'2017-03-01 04:01:22',NULL,NULL),(114,'BND_RAS114','RASPBERRY',1,3,2,'2017-03-01 04:06:50',NULL,NULL),(115,'BND_AVE115','AVERMEDIA',1,3,9,'2017-03-01 04:17:23',NULL,NULL),(116,'BND_HGS116','HGST',1,3,9,'2017-03-01 07:06:58',NULL,NULL),(117,'BND_STE117','STEELSERIES',1,3,9,'2017-03-01 07:09:24',NULL,NULL),(118,'BND_TEC118','TECWARE',1,3,2,'2017-03-01 07:50:28',NULL,NULL),(119,'BND_POW119','POWERCOLOR',1,3,2,'2017-03-01 07:58:49',NULL,NULL),(120,'BND_PLA120','PLANTRONICS ',1,3,2,'2017-03-01 07:59:59',NULL,NULL),(121,'BND_121','0',0,3,9,'2017-03-02 00:19:42',NULL,NULL),(122,'BND_KOD122','KODAK',1,3,2,'2017-03-04 08:46:56',NULL,NULL),(123,'BND_VEN123','VENTION',1,3,2,'2017-03-04 08:55:04',NULL,NULL),(124,'BND_GOP124','GOPRO',1,3,2,'2017-03-04 09:04:50',NULL,NULL),(125,'BND_SMA125','SMATREE',1,3,2,'2017-03-04 09:14:08',NULL,NULL),(126,'BND_JAK126','JAKEMY',1,3,8,'2017-03-17 11:52:10',NULL,NULL),(127,'BND_CKL127','CKL',1,3,8,'2017-03-17 11:52:16',NULL,NULL),(128,'BND_OVE128','OVERFLY',1,3,8,'2017-03-17 11:52:24',NULL,NULL),(129,'BND_OLE129','OLESSON',1,3,8,'2017-03-17 11:52:39',NULL,NULL),(130,'BND_ULT130','ULT-UNITE',1,3,8,'2017-03-17 11:53:03',NULL,NULL),(131,'BND_MAX131','MAXTOR',1,3,8,'2017-03-17 11:53:30',NULL,NULL);
/*!40000 ALTER TABLE `uc_category` ENABLE KEYS */;
UNLOCK TABLES;

--
-- Table structure for table `uc_companies`
--

DROP TABLE IF EXISTS `uc_companies`;
/*!40101 SET @saved_cs_client     = @@character_set_client */;
/*!40101 SET character_set_client = utf8 */;
CREATE TABLE `uc_companies` (
  `id` bigint(20) NOT NULL AUTO_INCREMENT,
  `comp_code` varchar(150) DEFAULT NULL,
  `comp_name` varchar(250) DEFAULT NULL,
  `comp_reg_no` varchar(150) DEFAULT NULL,
  `comp_gst_no` varchar(50) NOT NULL,
  `comp_address` text,
  `comp_phone` varchar(15) DEFAULT NULL,
  `comp_pin_code` int(8) DEFAULT NULL,
  `comp_fax` varchar(15) DEFAULT NULL,
  `comp_email` varchar(150) DEFAULT NULL,
  `daily_from_email` varchar(250) NOT NULL,
  `daily_to_email` varchar(250) NOT NULL,
  `comp_website` varchar(255) DEFAULT NULL,
  `comp_vat` decimal(20,2) DEFAULT NULL,
  `comp_logo` text,
  `login_logo` text NOT NULL,
  `inner_logo` text NOT NULL,
  `comp_favicon` text NOT NULL,
  `status` int(2) NOT NULL DEFAULT '1' COMMENT '1-Active, 2-Inactive, 10-Deleted',
  `bank_acc_id` bigint(20) DEFAULT NULL,
  `gst` int(11) DEFAULT '0' COMMENT '1-With GST, 0-Without GST',
  `branch_id` bigint(20) DEFAULT NULL,
  `gst_percent` int(11) DEFAULT NULL,
  `created_by` bigint(20) DEFAULT NULL,
  `created_on` timestamp NULL DEFAULT NULL,
  `updated_by` bigint(20) DEFAULT NULL,
  `updated_on` timestamp NULL DEFAULT NULL,
  `ip_address` varchar(100) NOT NULL,
  PRIMARY KEY (`id`),
  KEY `updated_by` (`updated_by`),
  KEY `created_by` (`created_by`),
  KEY `branch_id` (`branch_id`)
) ENGINE=InnoDB AUTO_INCREMENT=2 DEFAULT CHARSET=latin1;
/*!40101 SET character_set_client = @saved_cs_client */;

--
-- Dumping data for table `uc_companies`
--

LOCK TABLES `uc_companies` WRITE;
/*!40000 ALTER TABLE `uc_companies` DISABLE KEYS */;
INSERT INTO `uc_companies` VALUES (1,'COMP_UNI001','UNIVERSAL COMPUTER SERVICES PTE LTD','201209879C','0','NO 1 ROCHOR CANAL ROAD ,#05-54 SIM LIM SQUARE , SINGAPORE ','63370456',188504,'0','sales@universalcomputer.com.sg','report@universalcomputer.com.sg','report@universalcomputer.com.sg','www.universalcomputer.com.sg',0.00,'logo/7_logo2.png','logo/login.png','logo/inner_logo.png','favicon/2_ucs_logo.png',1,1,7,1,7,NULL,NULL,7,'2017-03-22 07:28:20','192.168.2.1');
/*!40000 ALTER TABLE `uc_companies` ENABLE KEYS */;
UNLOCK TABLES;

--
-- Table structure for table `uc_customer`
--

DROP TABLE IF EXISTS `uc_customer`;
/*!40101 SET @saved_cs_client     = @@character_set_client */;
/*!40101 SET character_set_client = utf8 */;
CREATE TABLE `uc_customer` (
  `id` bigint(20) NOT NULL AUTO_INCREMENT,
  `group_id` int(11) DEFAULT NULL,
  `name` varchar(250) DEFAULT NULL,
  `contact_name` varchar(250) DEFAULT NULL,
  `telephone` varchar(20) NOT NULL,
  `phone_no` varchar(15) DEFAULT NULL,
  `fax` varchar(15) DEFAULT NULL,
  `email` varchar(150) DEFAULT NULL,
  `website` tinytext,
  `address` text,
  `status` int(2) DEFAULT '1' COMMENT '1-Active, 2-Inactive, 10-Deleted',
  `payment_term` varchar(255) DEFAULT NULL,
  `remarks` text,
  `ship_location_id` int(11) DEFAULT NULL,
  `branch_id` bigint(20) DEFAULT NULL,
  `created_on` timestamp NULL DEFAULT NULL,
  `created_by` bigint(20) DEFAULT NULL,
  `updated_on` timestamp NULL DEFAULT NULL,
  `updated_by` bigint(20) DEFAULT NULL,
  PRIMARY KEY (`id`),
  KEY `created_by` (`created_by`),
  KEY `updated_by` (`updated_by`),
  KEY `branch_id` (`branch_id`)
) ENGINE=InnoDB AUTO_INCREMENT=3 DEFAULT CHARSET=latin1;
/*!40101 SET character_set_client = @saved_cs_client */;

--
-- Dumping data for table `uc_customer`
--

LOCK TABLES `uc_customer` WRITE;
/*!40000 ALTER TABLE `uc_customer` DISABLE KEYS */;
INSERT INTO `uc_customer` VALUES (1,3,'DYNACORE TECHNOLOGIES PTE LTD ','SADIQ BASHA','64931002','98383350','','BASHA@DYNACORETECH.COM','','1 ROCHOR CANAL ROAD,#05-47 SIMLIM SQUARE, SINGAPORE-188504',1,'1','',NULL,3,'2017-03-04 07:51:52',2,NULL,NULL),(2,0,'TEST RAMAN ','RAMAN','','99887766','','abc@gmail.com','','225852',1,'','',NULL,1,'2017-03-23 12:31:09',2,NULL,NULL);
/*!40000 ALTER TABLE `uc_customer` ENABLE KEYS */;
UNLOCK TABLES;

--
-- Table structure for table `uc_customer_group`
--

DROP TABLE IF EXISTS `uc_customer_group`;
/*!40101 SET @saved_cs_client     = @@character_set_client */;
/*!40101 SET character_set_client = utf8 */;
CREATE TABLE `uc_customer_group` (
  `id` int(11) NOT NULL AUTO_INCREMENT,
  `customer_group_code` varchar(50) NOT NULL,
  `customer_group` varchar(250) NOT NULL,
  `notes` text NOT NULL,
  `status` int(1) NOT NULL COMMENT '1-Active,2-Inactive',
  `created_by` int(11) NOT NULL,
  `created_on` timestamp NOT NULL DEFAULT CURRENT_TIMESTAMP ON UPDATE CURRENT_TIMESTAMP,
  `updated_on` timestamp NOT NULL DEFAULT '0000-00-00 00:00:00',
  `updated_by` int(11) NOT NULL,
  `branch_id` int(11) NOT NULL,
  PRIMARY KEY (`id`)
) ENGINE=InnoDB AUTO_INCREMENT=4 DEFAULT CHARSET=latin1;
/*!40101 SET character_set_client = @saved_cs_client */;

--
-- Dumping data for table `uc_customer_group`
--

LOCK TABLES `uc_customer_group` WRITE;
/*!40000 ALTER TABLE `uc_customer_group` DISABLE KEYS */;
INSERT INTO `uc_customer_group` VALUES (1,'CUSTG_REF001','REF TEAM','',1,2,'2017-02-25 10:38:20','0000-00-00 00:00:00',0,1),(2,'CUSTG_TES002','TEST','',10,7,'2017-02-27 05:26:52','2017-02-27 02:56:52',7,1),(3,'UCCG_DEA003','DEALER SLS','',1,2,'2017-03-01 08:42:13','0000-00-00 00:00:00',0,3);
/*!40000 ALTER TABLE `uc_customer_group` ENABLE KEYS */;
UNLOCK TABLES;

--
-- Table structure for table `uc_daily_report`
--

DROP TABLE IF EXISTS `uc_daily_report`;
/*!40101 SET @saved_cs_client     = @@character_set_client */;
/*!40101 SET character_set_client = utf8 */;
CREATE TABLE `uc_daily_report` (
  `id` bigint(20) NOT NULL AUTO_INCREMENT,
  `title` varchar(150) DEFAULT NULL,
  `mail_sent` int(1) DEFAULT '0' COMMENT '0-Not sent, 1-Sent',
  `report_date` date DEFAULT NULL,
  `created_on` timestamp NULL DEFAULT NULL,
  PRIMARY KEY (`id`)
) ENGINE=MyISAM DEFAULT CHARSET=latin1;
/*!40101 SET character_set_client = @saved_cs_client */;

--
-- Dumping data for table `uc_daily_report`
--

LOCK TABLES `uc_daily_report` WRITE;
/*!40000 ALTER TABLE `uc_daily_report` DISABLE KEYS */;
/*!40000 ALTER TABLE `uc_daily_report` ENABLE KEYS */;
UNLOCK TABLES;

--
-- Table structure for table `uc_deduction`
--

DROP TABLE IF EXISTS `uc_deduction`;
/*!40101 SET @saved_cs_client     = @@character_set_client */;
/*!40101 SET character_set_client = utf8 */;
CREATE TABLE `uc_deduction` (
  `id` int(11) NOT NULL AUTO_INCREMENT,
  `bank_acc_id` bigint(20) DEFAULT NULL,
  `ded_date` timestamp NULL DEFAULT NULL,
  `ded_percentage` varchar(765) DEFAULT NULL,
  `ded_amount` decimal(20,2) DEFAULT NULL,
  `payment_type` int(11) DEFAULT NULL,
  `cheque_bank_name` varchar(765) DEFAULT NULL,
  `cheque_acc_no` varchar(765) DEFAULT NULL,
  `cheque_date` date DEFAULT NULL,
  `ded_remarks` longtext,
  `status` int(2) NOT NULL DEFAULT '1',
  `branch_id` bigint(20) DEFAULT NULL,
  `created_by` bigint(20) DEFAULT NULL,
  `created_on` timestamp NULL DEFAULT NULL,
  `updated_by` bigint(20) DEFAULT NULL,
  `updated_on` timestamp NULL DEFAULT NULL,
  PRIMARY KEY (`id`),
  KEY `created_by` (`created_by`),
  KEY `updated_by` (`updated_by`),
  KEY `branch_id` (`branch_id`),
  CONSTRAINT `uc_deduction_ibfk_2` FOREIGN KEY (`created_by`) REFERENCES `uc_users` (`id`),
  CONSTRAINT `uc_deduction_ibfk_3` FOREIGN KEY (`updated_by`) REFERENCES `uc_users` (`id`),
  CONSTRAINT `uc_deduction_ibfk_4` FOREIGN KEY (`branch_id`) REFERENCES `uc_branches` (`id`)
) ENGINE=InnoDB AUTO_INCREMENT=2 DEFAULT CHARSET=latin1;
/*!40101 SET character_set_client = @saved_cs_client */;

--
-- Dumping data for table `uc_deduction`
--

LOCK TABLES `uc_deduction` WRITE;
/*!40000 ALTER TABLE `uc_deduction` DISABLE KEYS */;
INSERT INTO `uc_deduction` VALUES (1,1,'2017-03-17 16:00:00','0',10.00,1,NULL,NULL,NULL,'REFULGENCE - TESTING',1,1,7,'2017-03-18 08:35:48',NULL,NULL);
/*!40000 ALTER TABLE `uc_deduction` ENABLE KEYS */;
UNLOCK TABLES;

--
-- Table structure for table `uc_delivery_order`
--

DROP TABLE IF EXISTS `uc_delivery_order`;
/*!40101 SET @saved_cs_client     = @@character_set_client */;
/*!40101 SET character_set_client = utf8 */;
CREATE TABLE `uc_delivery_order` (
  `id` bigint(20) NOT NULL AUTO_INCREMENT,
  `so_id` bigint(20) DEFAULT NULL,
  `do_no` varchar(250) NOT NULL,
  `do_date` timestamp NULL DEFAULT NULL,
  `status` int(1) DEFAULT NULL COMMENT '1-New, 2-Partially Delivered, 3-Delivered, 10-Deleted',
  `sub_total` decimal(10,2) DEFAULT NULL,
  `discount` decimal(10,2) NOT NULL,
  `discount_type` int(1) NOT NULL COMMENT '1-Percentage, 0-Amount',
  `discount_amount` decimal(10,2) NOT NULL,
  `gst` int(1) DEFAULT NULL COMMENT '1-With gst, 2-without gst',
  `gst_amount` decimal(10,2) NOT NULL,
  `gst_percentage` int(2) DEFAULT NULL,
  `total_amt` decimal(10,2) DEFAULT NULL,
  `remarks` text,
  `branch_id` bigint(20) DEFAULT NULL,
  `created_by` bigint(20) DEFAULT NULL,
  `created_on` timestamp NULL DEFAULT NULL,
  `updated_by` bigint(20) DEFAULT NULL,
  `updated_on` timestamp NULL DEFAULT NULL,
  PRIMARY KEY (`id`),
  KEY `created_by` (`created_by`),
  KEY `updated_by` (`updated_by`),
  KEY `branch_id` (`branch_id`),
  KEY `so_id` (`so_id`)
) ENGINE=InnoDB DEFAULT CHARSET=latin1;
/*!40101 SET character_set_client = @saved_cs_client */;

--
-- Dumping data for table `uc_delivery_order`
--

LOCK TABLES `uc_delivery_order` WRITE;
/*!40000 ALTER TABLE `uc_delivery_order` DISABLE KEYS */;
/*!40000 ALTER TABLE `uc_delivery_order` ENABLE KEYS */;
UNLOCK TABLES;

--
-- Table structure for table `uc_delivery_order_item`
--

DROP TABLE IF EXISTS `uc_delivery_order_item`;
/*!40101 SET @saved_cs_client     = @@character_set_client */;
/*!40101 SET character_set_client = utf8 */;
CREATE TABLE `uc_delivery_order_item` (
  `id` bigint(20) NOT NULL AUTO_INCREMENT,
  `do_id` bigint(20) DEFAULT NULL,
  `so_item_auto_id` bigint(20) DEFAULT NULL,
  `category_id` bigint(20) DEFAULT NULL,
  `item_id` bigint(20) DEFAULT NULL,
  `price` decimal(10,2) DEFAULT NULL,
  `unit_cost` decimal(10,2) NOT NULL,
  `quantity` int(3) DEFAULT NULL,
  `total` decimal(10,2) DEFAULT NULL,
  `status` int(1) DEFAULT NULL COMMENT '1-Active',
  `branch_id` bigint(20) DEFAULT NULL,
  `created_by` bigint(20) DEFAULT NULL,
  `created_on` timestamp NULL DEFAULT NULL,
  `updated_by` bigint(20) DEFAULT NULL,
  `updated_on` timestamp NULL DEFAULT NULL,
  PRIMARY KEY (`id`),
  KEY `created_by` (`created_by`),
  KEY `updated_by` (`updated_by`),
  KEY `branch_id` (`branch_id`)
) ENGINE=InnoDB DEFAULT CHARSET=latin1;
/*!40101 SET character_set_client = @saved_cs_client */;

--
-- Dumping data for table `uc_delivery_order_item`
--

LOCK TABLES `uc_delivery_order_item` WRITE;
/*!40000 ALTER TABLE `uc_delivery_order_item` DISABLE KEYS */;
/*!40000 ALTER TABLE `uc_delivery_order_item` ENABLE KEYS */;
UNLOCK TABLES;

--
-- Table structure for table `uc_deposit`
--

DROP TABLE IF EXISTS `uc_deposit`;
/*!40101 SET @saved_cs_client     = @@character_set_client */;
/*!40101 SET character_set_client = utf8 */;
CREATE TABLE `uc_deposit` (
  `id` int(11) NOT NULL AUTO_INCREMENT,
  `bank_acc_id` bigint(20) DEFAULT NULL,
  `dep_date` timestamp NULL DEFAULT NULL,
  `dep_amount` decimal(20,2) DEFAULT NULL,
  `payment_type` int(11) DEFAULT NULL,
  `cheque_bank_name` varchar(765) DEFAULT NULL,
  `cheque_acc_no` varchar(765) DEFAULT NULL,
  `cheque_date` date DEFAULT NULL,
  `dep_remarks` longtext,
  `status` int(2) NOT NULL DEFAULT '1',
  `branch_id` bigint(20) DEFAULT NULL,
  `created_by` bigint(20) DEFAULT NULL,
  `created_on` timestamp NULL DEFAULT NULL,
  `updated_by` bigint(20) DEFAULT NULL,
  `updated_on` timestamp NULL DEFAULT NULL,
  PRIMARY KEY (`id`),
  KEY `created_by` (`created_by`),
  KEY `updated_by` (`updated_by`),
  KEY `branch_id` (`branch_id`),
  CONSTRAINT `uc_deposit_ibfk_2` FOREIGN KEY (`created_by`) REFERENCES `uc_users` (`id`),
  CONSTRAINT `uc_deposit_ibfk_3` FOREIGN KEY (`updated_by`) REFERENCES `uc_users` (`id`),
  CONSTRAINT `uc_deposit_ibfk_4` FOREIGN KEY (`branch_id`) REFERENCES `uc_branches` (`id`)
) ENGINE=InnoDB AUTO_INCREMENT=2 DEFAULT CHARSET=latin1;
/*!40101 SET character_set_client = @saved_cs_client */;

--
-- Dumping data for table `uc_deposit`
--

LOCK TABLES `uc_deposit` WRITE;
/*!40000 ALTER TABLE `uc_deposit` DISABLE KEYS */;
INSERT INTO `uc_deposit` VALUES (1,1,'2017-03-17 16:00:00',100.00,4,NULL,NULL,NULL,'REFULGENCE - TESTING',1,1,7,'2017-03-18 08:35:15',NULL,NULL);
/*!40000 ALTER TABLE `uc_deposit` ENABLE KEYS */;
UNLOCK TABLES;

--
-- Table structure for table `uc_discount_sale`
--

DROP TABLE IF EXISTS `uc_discount_sale`;
/*!40101 SET @saved_cs_client     = @@character_set_client */;
/*!40101 SET character_set_client = utf8 */;
CREATE TABLE `uc_discount_sale` (
  `id` bigint(20) NOT NULL AUTO_INCREMENT,
  `offer_item_id` int(11) DEFAULT NULL,
  `from_date` timestamp NULL DEFAULT NULL,
  `to_date` timestamp NULL DEFAULT NULL,
  `selling_price` decimal(10,2) DEFAULT NULL,
  `offer_percentage` float DEFAULT NULL,
  `offer_price` decimal(10,2) DEFAULT NULL,
  `remarks` text,
  `status` int(1) DEFAULT NULL COMMENT '1-Active, 2-In-Active, 3-Deleted',
  `created_on` timestamp NULL DEFAULT NULL,
  `created_by` bigint(20) DEFAULT NULL,
  `updated_on` timestamp NULL DEFAULT NULL,
  `updated_by` bigint(20) DEFAULT NULL,
  PRIMARY KEY (`id`),
  KEY `offer_item_id` (`offer_item_id`),
  KEY `created_by` (`created_by`),
  KEY `updated_by` (`updated_by`),
  CONSTRAINT `uc_discount_sale_ibfk_1` FOREIGN KEY (`offer_item_id`) REFERENCES `uc_product` (`id`),
  CONSTRAINT `uc_discount_sale_ibfk_2` FOREIGN KEY (`created_by`) REFERENCES `uc_users` (`id`),
  CONSTRAINT `uc_discount_sale_ibfk_3` FOREIGN KEY (`updated_by`) REFERENCES `uc_users` (`id`)
) ENGINE=InnoDB AUTO_INCREMENT=2 DEFAULT CHARSET=utf8;
/*!40101 SET character_set_client = @saved_cs_client */;

--
-- Dumping data for table `uc_discount_sale`
--

LOCK TABLES `uc_discount_sale` WRITE;
/*!40000 ALTER TABLE `uc_discount_sale` DISABLE KEYS */;
INSERT INTO `uc_discount_sale` VALUES (1,153,'2017-03-17 16:00:00',NULL,0.00,5,0.00,'REFULGENCE - TESTING',1,'2017-03-18 10:52:10',7,NULL,NULL);
/*!40000 ALTER TABLE `uc_discount_sale` ENABLE KEYS */;
UNLOCK TABLES;

--
-- Table structure for table `uc_employee`
--

DROP TABLE IF EXISTS `uc_employee`;
/*!40101 SET @saved_cs_client     = @@character_set_client */;
/*!40101 SET character_set_client = utf8 */;
CREATE TABLE `uc_employee` (
  `id` int(11) NOT NULL AUTO_INCREMENT,
  `employee_code` varchar(100) NOT NULL,
  `employee_name` varchar(250) NOT NULL,
  `designation` varchar(255) NOT NULL,
  `contact_number` varchar(50) NOT NULL,
  `pass_type` varchar(150) NOT NULL,
  `salary_type` varchar(150) NOT NULL,
  `payroll_no` varchar(765) NOT NULL,
  `nric_no` varchar(50) NOT NULL,
  `nric_expiry_date` datetime NOT NULL,
  `passport_no` varchar(50) NOT NULL,
  `passport_expiry_date` datetime NOT NULL,
  `salary_amount` decimal(10,2) NOT NULL,
  `cpf_from_employer` decimal(10,2) NOT NULL,
  `cpf_from_employee` decimal(10,2) NOT NULL,
  `overtime_amt_per_hour` decimal(10,2) NOT NULL,
  `salary_account_no` varchar(150) NOT NULL,
  `salary_account_bank` varchar(150) NOT NULL,
  `status` int(1) NOT NULL COMMENT '5-deleted',
  `branch_id` bigint(20) DEFAULT NULL,
  `created_on` timestamp NULL DEFAULT NULL,
  `created_by` bigint(20) DEFAULT NULL,
  `updated_on` timestamp NULL DEFAULT NULL,
  `updated_by` bigint(20) DEFAULT NULL,
  PRIMARY KEY (`id`),
  KEY `created_by` (`created_by`),
  KEY `updated_by` (`updated_by`),
  KEY `branch_id` (`branch_id`)
) ENGINE=InnoDB AUTO_INCREMENT=2 DEFAULT CHARSET=latin1;
/*!40101 SET character_set_client = @saved_cs_client */;

--
-- Dumping data for table `uc_employee`
--

LOCK TABLES `uc_employee` WRITE;
/*!40000 ALTER TABLE `uc_employee` DISABLE KEYS */;
INSERT INTO `uc_employee` VALUES (1,'EMP_001','PALANIYAPPA SAMINATHAN','SENIOR ELECTRONICS ENGINEERING TECHNICIAN ','82187147','S Pass','Local','0','G6330593L','2018-08-11 00:00:00','K3929250','2024-05-15 00:00:00',2800.00,0.00,0.00,0.00,'198853798','POSB',1,1,'2017-03-18 08:17:49',7,NULL,NULL);
/*!40000 ALTER TABLE `uc_employee` ENABLE KEYS */;
UNLOCK TABLES;

--
-- Table structure for table `uc_employee_docs`
--

DROP TABLE IF EXISTS `uc_employee_docs`;
/*!40101 SET @saved_cs_client     = @@character_set_client */;
/*!40101 SET character_set_client = utf8 */;
CREATE TABLE `uc_employee_docs` (
  `employee_doc_id` int(11) NOT NULL AUTO_INCREMENT,
  `employee_id` int(11) NOT NULL,
  `doc_title` varchar(250) NOT NULL,
  `doc_file` varchar(250) NOT NULL,
  `status` int(1) NOT NULL DEFAULT '1',
  `company_id` bigint(20) NOT NULL,
  `created_on` datetime NOT NULL,
  `created_by` bigint(20) NOT NULL,
  PRIMARY KEY (`employee_doc_id`),
  KEY `company_id` (`company_id`),
  KEY `created_by` (`created_by`),
  KEY `ls_employee_docs_ibfk_3` (`employee_id`)
) ENGINE=InnoDB AUTO_INCREMENT=2 DEFAULT CHARSET=latin1;
/*!40101 SET character_set_client = @saved_cs_client */;

--
-- Dumping data for table `uc_employee_docs`
--

LOCK TABLES `uc_employee_docs` WRITE;
/*!40000 ALTER TABLE `uc_employee_docs` DISABLE KEYS */;
INSERT INTO `uc_employee_docs` VALUES (1,1,'','',1,0,'2017-03-18 16:17:49',7);
/*!40000 ALTER TABLE `uc_employee_docs` ENABLE KEYS */;
UNLOCK TABLES;

--
-- Table structure for table `uc_enquiry_log_form`
--

DROP TABLE IF EXISTS `uc_enquiry_log_form`;
/*!40101 SET @saved_cs_client     = @@character_set_client */;
/*!40101 SET character_set_client = utf8 */;
CREATE TABLE `uc_enquiry_log_form` (
  `id` bigint(20) NOT NULL AUTO_INCREMENT,
  `company_id` bigint(20) DEFAULT NULL,
  `other_name` varchar(250) NOT NULL,
  `contact_person` varchar(250) NOT NULL,
  `contact_no` varchar(200) NOT NULL,
  `email` varchar(150) NOT NULL,
  `type` int(11) NOT NULL COMMENT '1-Sales,2-Purchase,3-Accounts,4-Promotions',
  `assigned_to` text NOT NULL,
  `enquiry_by` int(1) NOT NULL,
  `description` text NOT NULL,
  `picked_by` bigint(20) NOT NULL,
  `picked_status` int(1) NOT NULL COMMENT '1-Unpicked, 2-Picked',
  `enquiry_status` int(1) NOT NULL COMMENT '2-process',
  `status` int(11) NOT NULL COMMENT '1-Active, 2-Inactive, 10-Deleted',
  `branch_id` bigint(20) NOT NULL,
  `created_on` timestamp NOT NULL DEFAULT CURRENT_TIMESTAMP ON UPDATE CURRENT_TIMESTAMP,
  `created_by` bigint(20) NOT NULL,
  `updated_on` timestamp NOT NULL DEFAULT '0000-00-00 00:00:00',
  `updated_by` bigint(20) NOT NULL,
  PRIMARY KEY (`id`),
  KEY `company_name` (`company_id`),
  KEY `branch_id` (`branch_id`),
  KEY `picked_by` (`picked_by`)
) ENGINE=InnoDB AUTO_INCREMENT=3 DEFAULT CHARSET=latin1;
/*!40101 SET character_set_client = @saved_cs_client */;

--
-- Dumping data for table `uc_enquiry_log_form`
--

LOCK TABLES `uc_enquiry_log_form` WRITE;
/*!40000 ALTER TABLE `uc_enquiry_log_form` DISABLE KEYS */;
INSERT INTO `uc_enquiry_log_form` VALUES (1,1,'1','KALAI','6789876543','text@gmail.com',2,'2,7',1,'TESTING',0,1,1,0,1,'2017-03-18 13:45:19',2,'0000-00-00 00:00:00',0),(2,1,'1','VIVEK','9786960323','vivek@refulgenceinc.com',1,'2,7',1,'TESTING',0,1,2,0,2,'2017-03-18 11:16:35',2,'0000-00-00 00:00:00',0);
/*!40000 ALTER TABLE `uc_enquiry_log_form` ENABLE KEYS */;
UNLOCK TABLES;

--
-- Table structure for table `uc_exchange_order`
--

DROP TABLE IF EXISTS `uc_exchange_order`;
/*!40101 SET @saved_cs_client     = @@character_set_client */;
/*!40101 SET character_set_client = utf8 */;
CREATE TABLE `uc_exchange_order` (
  `id` int(11) NOT NULL AUTO_INCREMENT,
  `brn_id` bigint(20) DEFAULT NULL,
  `exr_code` varchar(20) DEFAULT NULL,
  `exr_date` timestamp NULL DEFAULT NULL,
  `sup_id` bigint(20) DEFAULT NULL,
  `exr_your_info` longtext NOT NULL,
  `exr_sub_total` decimal(10,2) DEFAULT NULL,
  `exr_discount` decimal(10,2) DEFAULT NULL,
  `exr_discount_type` int(1) DEFAULT NULL,
  `exr_total_discount` decimal(10,2) DEFAULT NULL,
  `exr_gst_type` int(11) DEFAULT NULL COMMENT '1-Yes,2-No',
  `exr_gst_val` decimal(10,0) DEFAULT NULL,
  `exr_gst_amount` decimal(10,2) DEFAULT NULL,
  `exr_net_amount` decimal(10,2) DEFAULT NULL,
  `exr_remarks` text,
  `exr_status` int(11) DEFAULT NULL COMMENT '1-Active, 2-Inactive, 10-Deleted',
  `received_status` int(1) NOT NULL DEFAULT '0' COMMENT '1-Yes,0-No',
  `payment_status` int(2) NOT NULL DEFAULT '1' COMMENT '1-Not Paid, 2-Partially Paid, 3-Paid',
  `reason` longtext NOT NULL,
  `created_by` bigint(20) DEFAULT NULL,
  `created_on` timestamp NULL DEFAULT NULL,
  `updated_by` bigint(20) DEFAULT NULL,
  `updated_on` timestamp NULL DEFAULT NULL,
  `branch_id` bigint(20) DEFAULT NULL,
  `ip_address` varchar(50) DEFAULT NULL,
  PRIMARY KEY (`id`)
) ENGINE=InnoDB AUTO_INCREMENT=4 DEFAULT CHARSET=latin1;
/*!40101 SET character_set_client = @saved_cs_client */;

--
-- Dumping data for table `uc_exchange_order`
--

LOCK TABLES `uc_exchange_order` WRITE;
/*!40000 ALTER TABLE `uc_exchange_order` DISABLE KEYS */;
INSERT INTO `uc_exchange_order` VALUES (1,1,'UCEXO_001','2017-03-17 16:00:00',10,'',217.60,0.00,1,0.00,2,7,15.23,232.83,NULL,1,1,3,'',7,'2017-03-18 08:54:18',7,'2017-03-18 10:26:04',1,'192.168.2.1'),(2,NULL,'UCEXO_002','2017-03-18 16:00:00',2,'',90.00,0.00,0,0.00,1,7,5.89,90.00,NULL,1,1,1,'',2,'2017-03-19 13:41:20',2,'2017-03-19 13:41:49',2,'203.116.142.32'),(3,NULL,'UCEXO_003','2017-03-23 16:00:00',4,'SRTE ERTER',225.00,0.00,1,0.00,2,7,15.75,240.75,NULL,1,1,1,'',2,'2017-03-24 03:40:22',NULL,NULL,1,'192.168.2.1');
/*!40000 ALTER TABLE `uc_exchange_order` ENABLE KEYS */;
UNLOCK TABLES;

--
-- Table structure for table `uc_exchange_order_items`
--

DROP TABLE IF EXISTS `uc_exchange_order_items`;
/*!40101 SET @saved_cs_client     = @@character_set_client */;
/*!40101 SET character_set_client = utf8 */;
CREATE TABLE `uc_exchange_order_items` (
  `id` bigint(20) NOT NULL AUTO_INCREMENT,
  `exr_id` bigint(20) NOT NULL,
  `product_text` varchar(760) DEFAULT NULL,
  `product_description` text NOT NULL,
  `exr_price` decimal(20,2) NOT NULL,
  `exr_unit_cost` decimal(20,2) NOT NULL,
  `discount` float NOT NULL DEFAULT '0',
  `discount_percentage` float NOT NULL,
  `discount_type` int(1) NOT NULL COMMENT '0-$,1-%',
  `exr_quantity` float NOT NULL,
  `total` decimal(20,2) NOT NULL,
  `status` int(1) NOT NULL COMMENT '1-Active,10-Deleted',
  `branch_id` bigint(20) NOT NULL,
  `created_by` bigint(20) NOT NULL,
  `created_on` timestamp NOT NULL DEFAULT CURRENT_TIMESTAMP ON UPDATE CURRENT_TIMESTAMP,
  `updated_by` bigint(20) NOT NULL,
  `updated_on` timestamp NOT NULL DEFAULT '0000-00-00 00:00:00',
  PRIMARY KEY (`id`)
) ENGINE=InnoDB AUTO_INCREMENT=5 DEFAULT CHARSET=latin1;
/*!40101 SET character_set_client = @saved_cs_client */;

--
-- Dumping data for table `uc_exchange_order_items`
--

LOCK TABLES `uc_exchange_order_items` WRITE;
/*!40000 ALTER TABLE `uc_exchange_order_items` DISABLE KEYS */;
INSERT INTO `uc_exchange_order_items` VALUES (1,1,'HDD','HARD DISK 1TB',120.00,110.00,4.4,2,1,2,215.60,1,1,7,'2017-03-18 08:54:18',0,'0000-00-00 00:00:00'),(2,1,'PENDRIVE','PENDRIVE 8GB',2.50,2.00,0,0,1,1,2.00,1,1,7,'2017-03-18 08:54:18',0,'0000-00-00 00:00:00'),(3,2,'6952917712313','BUFFALO HDD 1 TB',95.00,90.00,0,0,0,1,90.00,1,2,2,'2017-03-19 16:11:49',2,'2017-03-19 13:41:49'),(4,3,'HAMMER','UNISEX FROG FACE HAMMER PLUSH TOY ONLINE INDIA',50.00,45.00,0,0,1,5,225.00,1,1,2,'2017-03-24 03:40:22',0,'0000-00-00 00:00:00');
/*!40000 ALTER TABLE `uc_exchange_order_items` ENABLE KEYS */;
UNLOCK TABLES;

--
-- Table structure for table `uc_exchange_order_payments`
--

DROP TABLE IF EXISTS `uc_exchange_order_payments`;
/*!40101 SET @saved_cs_client     = @@character_set_client */;
/*!40101 SET character_set_client = utf8 */;
CREATE TABLE `uc_exchange_order_payments` (
  `id` bigint(20) NOT NULL AUTO_INCREMENT,
  `exr_id` bigint(20) DEFAULT NULL,
  `pay_no` varchar(50) DEFAULT NULL,
  `pay_amt` decimal(20,2) DEFAULT NULL,
  `pay_date` timestamp NULL DEFAULT NULL,
  `pay_pay_type` int(11) DEFAULT '1' COMMENT '1-Cash, 2-Cheque, 3-DD, 4-Net banking',
  `pay_pay_no` varchar(50) DEFAULT NULL,
  `pay_pay_bank` varchar(100) DEFAULT NULL,
  `pay_pay_date` timestamp NULL DEFAULT NULL,
  `pay_dd_no` varchar(50) DEFAULT NULL,
  `pay_dd_date` timestamp NULL DEFAULT NULL,
  `payment_status` int(2) NOT NULL DEFAULT '1' COMMENT '1-Not Paid, 2-Partially Paid, 3-Paid 10-Deleted',
  `status` int(2) NOT NULL DEFAULT '1' COMMENT '1-Active, 2-Inactive, 10-Delete',
  `bank_acc_id` bigint(20) DEFAULT NULL,
  `created_by` bigint(20) DEFAULT NULL,
  `created_on` timestamp NULL DEFAULT NULL,
  `updated_by` bigint(20) DEFAULT NULL,
  `updated_on` timestamp NULL DEFAULT NULL,
  `brn_id` bigint(20) DEFAULT NULL,
  `ip_address` varchar(100) NOT NULL,
  PRIMARY KEY (`id`)
) ENGINE=InnoDB AUTO_INCREMENT=3 DEFAULT CHARSET=latin1;
/*!40101 SET character_set_client = @saved_cs_client */;

--
-- Dumping data for table `uc_exchange_order_payments`
--

LOCK TABLES `uc_exchange_order_payments` WRITE;
/*!40000 ALTER TABLE `uc_exchange_order_payments` DISABLE KEYS */;
INSERT INTO `uc_exchange_order_payments` VALUES (1,1,NULL,232.83,'2017-03-17 16:00:00',7,'','',NULL,'',NULL,1,10,1,7,'2017-03-18 10:19:57',7,'2017-03-18 10:25:27',1,'192.168.2.1'),(2,1,NULL,232.83,'2017-03-17 16:00:00',1,'','',NULL,'',NULL,1,1,1,7,'2017-03-18 10:26:04',NULL,NULL,1,'192.168.2.1');
/*!40000 ALTER TABLE `uc_exchange_order_payments` ENABLE KEYS */;
UNLOCK TABLES;

--
-- Table structure for table `uc_expense`
--

DROP TABLE IF EXISTS `uc_expense`;
/*!40101 SET @saved_cs_client     = @@character_set_client */;
/*!40101 SET character_set_client = utf8 */;
CREATE TABLE `uc_expense` (
  `id` int(11) NOT NULL AUTO_INCREMENT,
  `expense_code` varchar(150) NOT NULL,
  `expense_date` datetime NOT NULL,
  `pay_to` varchar(150) NOT NULL,
  `amount` decimal(10,2) NOT NULL,
  `desc` text,
  `exp_type` varchar(150) NOT NULL,
  `created_on` timestamp NULL DEFAULT NULL,
  `created_by` bigint(5) DEFAULT NULL,
  `updated_on` timestamp NULL DEFAULT NULL,
  `updated_by` bigint(5) DEFAULT NULL,
  `status` int(2) NOT NULL DEFAULT '1',
  `branch_id` bigint(20) DEFAULT NULL,
  PRIMARY KEY (`id`),
  KEY `created_by` (`created_by`),
  KEY `updated_by` (`updated_by`),
  KEY `branch_id` (`branch_id`)
) ENGINE=InnoDB AUTO_INCREMENT=2 DEFAULT CHARSET=latin1;
/*!40101 SET character_set_client = @saved_cs_client */;

--
-- Dumping data for table `uc_expense`
--

LOCK TABLES `uc_expense` WRITE;
/*!40000 ALTER TABLE `uc_expense` DISABLE KEYS */;
INSERT INTO `uc_expense` VALUES (1,'EXP_001','2017-03-18 00:00:00','VIVEK',100.00,'TESTING','15','2017-03-18 11:18:51',2,'2017-03-18 11:18:57',2,1,2);
/*!40000 ALTER TABLE `uc_expense` ENABLE KEYS */;
UNLOCK TABLES;

--
-- Table structure for table `uc_expense_type`
--

DROP TABLE IF EXISTS `uc_expense_type`;
/*!40101 SET @saved_cs_client     = @@character_set_client */;
/*!40101 SET character_set_client = utf8 */;
CREATE TABLE `uc_expense_type` (
  `id` int(11) NOT NULL AUTO_INCREMENT,
  `exp_type_code` varchar(255) NOT NULL,
  `exp_type_name` varchar(250) NOT NULL,
  `exp_type_desc` text NOT NULL,
  `status` int(11) NOT NULL DEFAULT '1',
  `branch_id` bigint(20) DEFAULT NULL,
  `created_by` bigint(2) DEFAULT NULL,
  `created_on` timestamp NULL DEFAULT NULL,
  `updated_by` bigint(2) DEFAULT NULL,
  `updated_on` timestamp NULL DEFAULT NULL,
  PRIMARY KEY (`id`),
  KEY `created_by` (`created_by`),
  KEY `updated_by` (`updated_by`),
  KEY `branch_id` (`branch_id`)
) ENGINE=InnoDB AUTO_INCREMENT=16 DEFAULT CHARSET=latin1;
/*!40101 SET character_set_client = @saved_cs_client */;

--
-- Dumping data for table `uc_expense_type`
--

LOCK TABLES `uc_expense_type` WRITE;
/*!40000 ALTER TABLE `uc_expense_type` DISABLE KEYS */;
INSERT INTO `uc_expense_type` VALUES (1,'EXPT_001','RENTAL','',1,3,2,'2017-02-10 05:45:09',NULL,NULL),(2,'EXPT_002','INTERNET BILL','',1,3,2,'2017-02-10 05:51:21',NULL,NULL),(3,'EXPT_003','TELEPHONE CHARGES','',10,3,2,'2017-02-10 05:51:53',2,'2017-03-01 08:32:46'),(4,'EXPT_004','TRAVEL ','',1,3,2,'2017-02-10 05:52:04',NULL,NULL),(5,'EXPT_005','FOOD & DRINKS','',1,3,2,'2017-02-10 05:52:45',NULL,NULL),(6,'EXPT_006','CPF','',1,3,2,'2017-02-10 05:52:52',NULL,NULL),(7,'EXPT_007','LEAVY','',1,3,2,'2017-02-10 05:53:01',NULL,NULL),(8,'EXPT_008','SALARY','',1,3,2,'2017-02-10 05:53:10',NULL,NULL),(9,'EXPT_009','COMMISION','',1,3,2,'2017-02-10 05:53:21',NULL,NULL),(10,'EXPT_010','OTHERS','',1,3,2,'2017-02-10 05:53:26',NULL,NULL),(11,'EXPT_011','FREIGHT CHARGE','',1,3,2,'2017-03-01 08:10:21',NULL,NULL),(12,'EXPT_012','LATE FEE','',1,3,2,'2017-03-01 08:10:42',NULL,NULL),(13,'EXPT_013','EMPLOYMENT EXPENSE','',1,3,2,'2017-03-01 08:11:50',NULL,NULL),(14,'EXPT_014','TELEPHONE & FAX CHARGES ','',1,3,2,'2017-03-01 08:16:26',NULL,NULL),(15,'EXPT_015','OTHER EXPENSES ','',1,3,2,'2017-03-01 08:18:15',NULL,NULL);
/*!40000 ALTER TABLE `uc_expense_type` ENABLE KEYS */;
UNLOCK TABLES;

--
-- Table structure for table `uc_group_buy`
--

DROP TABLE IF EXISTS `uc_group_buy`;
/*!40101 SET @saved_cs_client     = @@character_set_client */;
/*!40101 SET character_set_client = utf8 */;
CREATE TABLE `uc_group_buy` (
  `id` bigint(20) NOT NULL AUTO_INCREMENT,
  `from_date` timestamp NULL DEFAULT NULL,
  `to_date` timestamp NULL DEFAULT NULL,
  `group_name` varchar(200) DEFAULT NULL,
  `amount` decimal(10,2) DEFAULT NULL,
  `remarks` text,
  `status` int(1) DEFAULT NULL COMMENT '1-Active, 2-In-Active, 10-Deleted',
  `created_on` timestamp NULL DEFAULT NULL,
  `created_by` bigint(20) DEFAULT NULL,
  `updated_on` timestamp NULL DEFAULT NULL,
  `updated_by` bigint(20) DEFAULT NULL,
  PRIMARY KEY (`id`),
  KEY `created_by` (`created_by`),
  KEY `updated_by` (`updated_by`),
  CONSTRAINT `uc_group_buy_ibfk_1` FOREIGN KEY (`created_by`) REFERENCES `uc_users` (`id`),
  CONSTRAINT `uc_group_buy_ibfk_2` FOREIGN KEY (`updated_by`) REFERENCES `uc_users` (`id`)
) ENGINE=InnoDB AUTO_INCREMENT=2 DEFAULT CHARSET=utf8;
/*!40101 SET character_set_client = @saved_cs_client */;

--
-- Dumping data for table `uc_group_buy`
--

LOCK TABLES `uc_group_buy` WRITE;
/*!40000 ALTER TABLE `uc_group_buy` DISABLE KEYS */;
INSERT INTO `uc_group_buy` VALUES (1,'2017-03-17 16:00:00','2017-03-30 16:00:00','MARCH - COMBO OFFER',7.00,'REFULGENCE - TESTING',1,'2017-03-18 10:54:22',7,NULL,NULL);
/*!40000 ALTER TABLE `uc_group_buy` ENABLE KEYS */;
UNLOCK TABLES;

--
-- Table structure for table `uc_group_buy_items`
--

DROP TABLE IF EXISTS `uc_group_buy_items`;
/*!40101 SET @saved_cs_client     = @@character_set_client */;
/*!40101 SET character_set_client = utf8 */;
CREATE TABLE `uc_group_buy_items` (
  `id` bigint(20) NOT NULL AUTO_INCREMENT,
  `group_id` bigint(20) DEFAULT NULL,
  `offer_item_id` int(11) DEFAULT NULL,
  `selling_price` decimal(10,2) DEFAULT NULL,
  `offer_price` decimal(10,2) DEFAULT NULL,
  `status` int(1) DEFAULT NULL COMMENT '1-Active, 2-In-Active, 10-Deleted',
  `created_on` timestamp NULL DEFAULT NULL,
  `created_by` bigint(20) DEFAULT NULL,
  `updated_on` timestamp NULL DEFAULT NULL,
  `updated_by` bigint(20) DEFAULT NULL,
  PRIMARY KEY (`id`),
  KEY `group_id` (`group_id`),
  KEY `offer_item_id` (`offer_item_id`),
  KEY `created_by` (`created_by`),
  KEY `updated_by` (`updated_by`),
  CONSTRAINT `uc_group_buy_items_ibfk_1` FOREIGN KEY (`group_id`) REFERENCES `uc_group_buy` (`id`),
  CONSTRAINT `uc_group_buy_items_ibfk_2` FOREIGN KEY (`offer_item_id`) REFERENCES `uc_product` (`id`),
  CONSTRAINT `uc_group_buy_items_ibfk_3` FOREIGN KEY (`created_by`) REFERENCES `uc_users` (`id`),
  CONSTRAINT `uc_group_buy_items_ibfk_4` FOREIGN KEY (`updated_by`) REFERENCES `uc_users` (`id`)
) ENGINE=InnoDB AUTO_INCREMENT=3 DEFAULT CHARSET=utf8;
/*!40101 SET character_set_client = @saved_cs_client */;

--
-- Dumping data for table `uc_group_buy_items`
--

LOCK TABLES `uc_group_buy_items` WRITE;
/*!40000 ALTER TABLE `uc_group_buy_items` DISABLE KEYS */;
INSERT INTO `uc_group_buy_items` VALUES (1,1,128,0.00,2.00,1,'2017-03-18 10:54:22',7,NULL,NULL),(2,1,130,0.00,5.00,1,'2017-03-18 10:54:22',7,NULL,NULL);
/*!40000 ALTER TABLE `uc_group_buy_items` ENABLE KEYS */;
UNLOCK TABLES;

--
-- Table structure for table `uc_inventory_adjustment`
--

DROP TABLE IF EXISTS `uc_inventory_adjustment`;
/*!40101 SET @saved_cs_client     = @@character_set_client */;
/*!40101 SET character_set_client = utf8 */;
CREATE TABLE `uc_inventory_adjustment` (
  `id` int(11) NOT NULL AUTO_INCREMENT,
  `brn_id` bigint(20) NOT NULL,
  `product_id` int(11) NOT NULL,
  `adjust_type` int(1) NOT NULL COMMENT '1-Increament, 2-Decrement',
  `quantity` float NOT NULL,
  `remarks` text NOT NULL,
  `status` int(2) NOT NULL COMMENT '1-Active,2-Inactive,10-Deleted',
  `branch_id` bigint(20) DEFAULT NULL,
  `created_by` bigint(20) DEFAULT NULL,
  `created_on` timestamp NULL DEFAULT NULL,
  `updated_by` bigint(20) DEFAULT NULL,
  `updated_on` timestamp NULL DEFAULT NULL,
  PRIMARY KEY (`id`),
  KEY `branch_id` (`branch_id`)
) ENGINE=InnoDB AUTO_INCREMENT=2 DEFAULT CHARSET=latin1;
/*!40101 SET character_set_client = @saved_cs_client */;

--
-- Dumping data for table `uc_inventory_adjustment`
--

LOCK TABLES `uc_inventory_adjustment` WRITE;
/*!40000 ALTER TABLE `uc_inventory_adjustment` DISABLE KEYS */;
INSERT INTO `uc_inventory_adjustment` VALUES (1,3,177,1,10,'',1,3,2,'2017-03-19 13:09:23',NULL,NULL);
/*!40000 ALTER TABLE `uc_inventory_adjustment` ENABLE KEYS */;
UNLOCK TABLES;

--
-- Table structure for table `uc_inventory_products`
--

DROP TABLE IF EXISTS `uc_inventory_products`;
/*!40101 SET @saved_cs_client     = @@character_set_client */;
/*!40101 SET character_set_client = utf8 */;
CREATE TABLE `uc_inventory_products` (
  `id` int(11) NOT NULL AUTO_INCREMENT,
  `product_code` varchar(10) DEFAULT NULL,
  `product_name` varchar(250) DEFAULT NULL,
  `product_slug` varchar(250) DEFAULT NULL,
  `cat_id` bigint(20) DEFAULT NULL,
  `product_min_qty` int(11) DEFAULT NULL,
  `initial_qty` float DEFAULT NULL,
  `available_qty` float DEFAULT NULL,
  `product_price` decimal(10,2) DEFAULT NULL,
  `status` int(1) DEFAULT NULL COMMENT '1-Active,2-inactive,10-Deleted',
  `branch_id` bigint(20) DEFAULT NULL,
  `created_by` bigint(20) DEFAULT NULL,
  `created_on` timestamp NULL DEFAULT NULL,
  `updated_by` bigint(20) DEFAULT NULL,
  `updated_on` timestamp NULL DEFAULT NULL,
  `ip_address` varchar(50) DEFAULT NULL,
  PRIMARY KEY (`id`),
  KEY `branch_id` (`branch_id`)
) ENGINE=InnoDB DEFAULT CHARSET=latin1;
/*!40101 SET character_set_client = @saved_cs_client */;

--
-- Dumping data for table `uc_inventory_products`
--

LOCK TABLES `uc_inventory_products` WRITE;
/*!40000 ALTER TABLE `uc_inventory_products` DISABLE KEYS */;
/*!40000 ALTER TABLE `uc_inventory_products` ENABLE KEYS */;
UNLOCK TABLES;

--
-- Table structure for table `uc_item_category`
--

DROP TABLE IF EXISTS `uc_item_category`;
/*!40101 SET @saved_cs_client     = @@character_set_client */;
/*!40101 SET character_set_client = utf8 */;
CREATE TABLE `uc_item_category` (
  `id` bigint(20) NOT NULL AUTO_INCREMENT,
  `item_category_code` varchar(50) NOT NULL,
  `item_category_name` varchar(250) NOT NULL,
  `status` int(1) NOT NULL,
  `created_by` int(11) NOT NULL,
  `created_on` timestamp NOT NULL DEFAULT CURRENT_TIMESTAMP ON UPDATE CURRENT_TIMESTAMP,
  `updated_on` timestamp NOT NULL DEFAULT '0000-00-00 00:00:00',
  `updated_by` int(11) NOT NULL,
  `branch_id` int(11) NOT NULL,
  PRIMARY KEY (`id`),
  KEY `branch_id` (`branch_id`)
) ENGINE=InnoDB AUTO_INCREMENT=32 DEFAULT CHARSET=latin1;
/*!40101 SET character_set_client = @saved_cs_client */;

--
-- Dumping data for table `uc_item_category`
--

LOCK TABLES `uc_item_category` WRITE;
/*!40000 ALTER TABLE `uc_item_category` DISABLE KEYS */;
INSERT INTO `uc_item_category` VALUES (1,'ICTEXT001','EXTERNAL STORAGE DEVICES',1,7,'2017-02-28 04:55:51','2017-02-28 02:25:51',7,1),(2,'ICTELE002','ELECTRONICS',1,2,'2017-02-28 04:56:42','2017-02-28 02:26:42',2,1),(3,'ICTGRA000','GRAPHIC CARD',1,2,'2017-03-01 07:36:43','0000-00-00 00:00:00',0,3),(4,'ICTMOT000','MOTHERBOARDS',1,2,'2017-03-01 07:37:09','0000-00-00 00:00:00',0,3),(5,'ICTMEM000','MEMORY',1,2,'2017-03-01 07:37:17','0000-00-00 00:00:00',0,3),(6,'ICTNET000','NETWORK CABLES',10,2,'2017-03-01 10:11:23','2017-03-01 07:41:23',2,3),(7,'ICTCAB000','CABLES HDMI',1,2,'2017-03-01 07:39:18','0000-00-00 00:00:00',0,3),(8,'ICTCAB000','CABLES VGA',1,2,'2017-03-01 07:39:28','0000-00-00 00:00:00',0,3),(9,'ICTCAB000','CABLES DVI ',1,2,'2017-03-01 07:39:47','0000-00-00 00:00:00',0,3),(10,'ICTCAB000','CABLES LAN',1,2,'2017-03-01 07:40:00','0000-00-00 00:00:00',0,3),(11,'ICTBAT000','BATTARY',1,2,'2017-03-01 07:40:21','0000-00-00 00:00:00',0,3),(12,'ICTCAB000','CABLES USB ',1,2,'2017-03-01 07:40:31','0000-00-00 00:00:00',0,3),(13,'ICTCAB013','CABLES AUDIO/VIDEO',1,2,'2017-03-01 10:12:15','2017-03-01 07:42:15',2,3),(14,'ICTHAR000','HARDDISK INTERNAL',1,2,'2017-03-01 07:43:05','0000-00-00 00:00:00',0,3),(15,'ICTMOU015','MOUSE/KEYBOARD',1,2,'2017-03-01 10:14:52','2017-03-01 07:44:52',2,3),(16,'ICTPOW000','POWER ADAPTER',1,2,'2017-03-01 07:45:06','0000-00-00 00:00:00',0,3),(17,'ICTHEA000','HEADPHONE/EARPHONE',1,2,'2017-03-01 07:45:29','0000-00-00 00:00:00',0,3),(18,'ICTPOW000','POWER SUPPLY',1,2,'2017-03-01 07:45:44','0000-00-00 00:00:00',0,3),(19,'ICTNET000','NETWORK PRODUCTS ',1,2,'2017-03-01 07:46:25','0000-00-00 00:00:00',0,3),(20,'ICTCAB000','CABLES',1,2,'2017-03-01 07:47:16','0000-00-00 00:00:00',0,3),(21,'ICTADA000','ADAPTER',1,2,'2017-03-01 07:48:07','0000-00-00 00:00:00',0,3),(22,'ICTGAD000','GADGETS',1,2,'2017-03-01 07:48:52','0000-00-00 00:00:00',0,3),(23,'ICTSWI023','SWITCH & SPLITTER',1,2,'2017-03-05 03:53:32','2017-03-05 01:23:32',2,3),(24,'ICTMED000','MEDIA CONVERTER',1,2,'2017-03-17 12:05:06','0000-00-00 00:00:00',0,3),(25,'ICTCHA000','CHARGER',1,2,'2017-03-17 12:16:03','0000-00-00 00:00:00',0,3),(26,'ICTTYP000','TYPE C',1,2,'2017-03-17 12:25:02','0000-00-00 00:00:00',0,3),(27,'ICTINT000','INTERNAL STORAGE DEVICES',1,2,'2017-03-17 12:43:06','0000-00-00 00:00:00',0,3),(28,'ICTBLU000','BLUETOOTH SPEAKERS',1,2,'2017-03-18 11:40:52','0000-00-00 00:00:00',0,3),(29,'ICTSOF000','SOFTWARE',1,2,'2017-03-18 12:37:04','0000-00-00 00:00:00',0,3),(30,'ICTLAP000','LAPTOP ',1,2,'2017-03-23 12:05:49','0000-00-00 00:00:00',0,1),(31,'ICTDES000','DESKTOP',1,2,'2017-03-23 12:05:59','0000-00-00 00:00:00',0,1);
/*!40000 ALTER TABLE `uc_item_category` ENABLE KEYS */;
UNLOCK TABLES;

--
-- Table structure for table `uc_log_form`
--

DROP TABLE IF EXISTS `uc_log_form`;
/*!40101 SET @saved_cs_client     = @@character_set_client */;
/*!40101 SET character_set_client = utf8 */;
CREATE TABLE `uc_log_form` (
  `id` bigint(20) NOT NULL AUTO_INCREMENT,
  `enquiry_log_id` bigint(20) NOT NULL,
  `log_description` text NOT NULL,
  `enquiry_status` int(11) NOT NULL COMMENT '1-Success, 2-Process, 3-Cancel',
  `reason` varchar(200) NOT NULL,
  `status` int(11) NOT NULL,
  `branch_id` bigint(20) NOT NULL,
  `created_on` timestamp NOT NULL DEFAULT CURRENT_TIMESTAMP ON UPDATE CURRENT_TIMESTAMP,
  `created_by` bigint(20) NOT NULL,
  `updated_on` timestamp NOT NULL DEFAULT '0000-00-00 00:00:00',
  `updated_by` bigint(20) NOT NULL,
  PRIMARY KEY (`id`),
  KEY `enquiry_log_id` (`enquiry_log_id`),
  KEY `branch_id` (`branch_id`),
  KEY `created_by` (`created_by`),
  KEY `updated_by` (`updated_by`)
) ENGINE=InnoDB AUTO_INCREMENT=4 DEFAULT CHARSET=latin1;
/*!40101 SET character_set_client = @saved_cs_client */;

--
-- Dumping data for table `uc_log_form`
--

LOCK TABLES `uc_log_form` WRITE;
/*!40000 ALTER TABLE `uc_log_form` DISABLE KEYS */;
INSERT INTO `uc_log_form` VALUES (1,1,'TESTING',2,'',0,1,'2017-03-18 11:11:58',2,'0000-00-00 00:00:00',0),(2,1,'ANOTHER ONE TESTING',1,'',0,1,'2017-03-18 11:15:19',2,'0000-00-00 00:00:00',0),(3,2,'TESTING',2,'',0,2,'2017-03-18 11:16:35',2,'0000-00-00 00:00:00',0);
/*!40000 ALTER TABLE `uc_log_form` ENABLE KEYS */;
UNLOCK TABLES;

--
-- Table structure for table `uc_payment`
--

DROP TABLE IF EXISTS `uc_payment`;
/*!40101 SET @saved_cs_client     = @@character_set_client */;
/*!40101 SET character_set_client = utf8 */;
CREATE TABLE `uc_payment` (
  `id` int(11) NOT NULL AUTO_INCREMENT,
  `bank_acc_id` bigint(20) DEFAULT NULL,
  `pay_date` timestamp NULL DEFAULT NULL,
  `pay_amount` decimal(20,2) DEFAULT NULL,
  `payment_type` int(11) DEFAULT NULL,
  `cheque_bank_name` varchar(765) DEFAULT NULL,
  `cheque_acc_no` varchar(765) DEFAULT NULL,
  `cheque_date` date DEFAULT NULL,
  `pay_remarks` longtext,
  `status` int(2) NOT NULL DEFAULT '1',
  `branch_id` bigint(20) DEFAULT NULL,
  `created_by` bigint(20) DEFAULT NULL,
  `created_on` timestamp NULL DEFAULT NULL,
  `updated_by` bigint(20) DEFAULT NULL,
  `updated_on` timestamp NULL DEFAULT NULL,
  PRIMARY KEY (`id`),
  KEY `created_by` (`created_by`),
  KEY `updated_by` (`updated_by`),
  KEY `branch_id` (`branch_id`),
  CONSTRAINT `uc_payment_ibfk_2` FOREIGN KEY (`created_by`) REFERENCES `uc_users` (`id`),
  CONSTRAINT `uc_payment_ibfk_3` FOREIGN KEY (`updated_by`) REFERENCES `uc_users` (`id`),
  CONSTRAINT `uc_payment_ibfk_4` FOREIGN KEY (`branch_id`) REFERENCES `uc_branches` (`id`)
) ENGINE=InnoDB AUTO_INCREMENT=2 DEFAULT CHARSET=latin1;
/*!40101 SET character_set_client = @saved_cs_client */;

--
-- Dumping data for table `uc_payment`
--

LOCK TABLES `uc_payment` WRITE;
/*!40000 ALTER TABLE `uc_payment` DISABLE KEYS */;
INSERT INTO `uc_payment` VALUES (1,1,'2017-03-17 16:00:00',30.00,4,NULL,NULL,NULL,'REFULGENCE - TESTING',1,1,7,'2017-03-18 08:36:35',NULL,NULL);
/*!40000 ALTER TABLE `uc_payment` ENABLE KEYS */;
UNLOCK TABLES;

--
-- Table structure for table `uc_payment_mode`
--

DROP TABLE IF EXISTS `uc_payment_mode`;
/*!40101 SET @saved_cs_client     = @@character_set_client */;
/*!40101 SET character_set_client = utf8 */;
CREATE TABLE `uc_payment_mode` (
  `id` int(11) NOT NULL AUTO_INCREMENT,
  `type_name` varchar(250) NOT NULL,
  `is_cheque` int(1) NOT NULL COMMENT '1-Cheque,0-Not Cheque',
  `is_cash` int(1) NOT NULL DEFAULT '0' COMMENT '0-Except cash, 1-Cash',
  `status` int(1) NOT NULL DEFAULT '1',
  `branch_id` bigint(20) DEFAULT NULL,
  `created_by` bigint(2) DEFAULT NULL,
  `created_on` timestamp NULL DEFAULT NULL,
  `updated_by` bigint(2) DEFAULT NULL,
  `updated_on` timestamp NULL DEFAULT NULL,
  PRIMARY KEY (`id`)
) ENGINE=InnoDB AUTO_INCREMENT=5 DEFAULT CHARSET=latin1;
/*!40101 SET character_set_client = @saved_cs_client */;

--
-- Dumping data for table `uc_payment_mode`
--

LOCK TABLES `uc_payment_mode` WRITE;
/*!40000 ALTER TABLE `uc_payment_mode` DISABLE KEYS */;
INSERT INTO `uc_payment_mode` VALUES (1,'Cash',0,0,1,1,2,'2017-02-27 10:30:00',NULL,NULL),(2,'Cheque',1,0,1,1,2,'2017-02-27 10:30:00',NULL,NULL),(3,'TT',0,0,1,1,2,'2017-02-27 10:30:00',NULL,NULL),(4,'Bank Transfer',0,0,1,1,2,'2017-02-27 10:30:00',NULL,NULL);
/*!40000 ALTER TABLE `uc_payment_mode` ENABLE KEYS */;
UNLOCK TABLES;

--
-- Table structure for table `uc_payment_type`
--

DROP TABLE IF EXISTS `uc_payment_type`;
/*!40101 SET @saved_cs_client     = @@character_set_client */;
/*!40101 SET character_set_client = utf8 */;
CREATE TABLE `uc_payment_type` (
  `id` int(11) NOT NULL AUTO_INCREMENT,
  `type_name` varchar(250) NOT NULL,
  `is_cheque` int(1) NOT NULL COMMENT '1- Cheque, 0-Not cheque',
  `group_name` int(1) NOT NULL DEFAULT '0' COMMENT '1-Increase amount in pettycash, 2-Decrease amount in pettycash, 3-Make invoice as unpaid & Don''t show in pettycash',
  `status` int(11) NOT NULL DEFAULT '1',
  `branch_id` bigint(20) DEFAULT NULL,
  `created_by` bigint(2) DEFAULT NULL,
  `created_on` timestamp NULL DEFAULT NULL,
  `updated_by` bigint(2) DEFAULT NULL,
  `updated_on` timestamp NULL DEFAULT NULL,
  PRIMARY KEY (`id`),
  KEY `created_by` (`created_by`),
  KEY `updated_by` (`updated_by`),
  KEY `branch_id` (`branch_id`)
) ENGINE=InnoDB AUTO_INCREMENT=8 DEFAULT CHARSET=latin1;
/*!40101 SET character_set_client = @saved_cs_client */;

--
-- Dumping data for table `uc_payment_type`
--

LOCK TABLES `uc_payment_type` WRITE;
/*!40000 ALTER TABLE `uc_payment_type` DISABLE KEYS */;
INSERT INTO `uc_payment_type` VALUES (1,'CASH',0,1,1,1,2,'2017-02-08 00:43:04',NULL,NULL),(2,'NETS',0,2,1,1,2,'2017-02-08 00:43:13',NULL,NULL),(3,'VISA CARD',0,2,1,1,2,'2017-02-08 00:43:28',NULL,NULL),(4,'MASTER CARD',0,2,1,1,2,'2017-02-08 00:43:37',NULL,NULL),(5,'CHEQUE',1,2,1,1,2,'2017-02-08 00:43:55',NULL,NULL),(6,'CREDIT',0,3,1,1,2,'2017-02-08 00:44:03',NULL,NULL),(7,'AMERICAN EXPRESS',0,2,1,1,2,'2017-02-08 00:44:18',NULL,NULL);
/*!40000 ALTER TABLE `uc_payment_type` ENABLE KEYS */;
UNLOCK TABLES;

--
-- Table structure for table `uc_payslip`
--

DROP TABLE IF EXISTS `uc_payslip`;
/*!40101 SET @saved_cs_client     = @@character_set_client */;
/*!40101 SET character_set_client = utf8 */;
CREATE TABLE `uc_payslip` (
  `id` int(11) NOT NULL AUTO_INCREMENT,
  `employee_id` bigint(10) DEFAULT NULL,
  `month` varchar(654) NOT NULL,
  `year` varchar(765) NOT NULL,
  `basic_pay` decimal(10,2) NOT NULL,
  `overtime_amount` decimal(10,2) NOT NULL,
  `overtime_amount_per_hrs` decimal(10,2) NOT NULL,
  `overtime_hours` varchar(10) NOT NULL,
  `no_of_workingdays` varchar(765) NOT NULL,
  `emp_worked_days` varchar(765) NOT NULL,
  `commission` varchar(769) NOT NULL,
  `reimbursement` varchar(765) NOT NULL,
  `cpf_from_employee` decimal(10,2) NOT NULL,
  `cpf_from_employer` decimal(10,2) NOT NULL,
  `mbf` decimal(10,2) NOT NULL,
  `loan` decimal(10,2) NOT NULL,
  `income_tax` decimal(10,2) NOT NULL,
  `pay_date` date NOT NULL,
  `payment_mode` varchar(765) NOT NULL,
  `company_acc_bank` varchar(765) NOT NULL,
  `employee_acc_no` varchar(100) NOT NULL,
  `employee_acc_bank` varchar(150) NOT NULL,
  `cheque_no` varchar(50) NOT NULL,
  `allowance_title` varchar(250) NOT NULL,
  `total_allowance` decimal(10,2) NOT NULL,
  `total_addition` decimal(10,2) NOT NULL,
  `total_cpf` decimal(10,2) NOT NULL,
  `cheque_date` datetime NOT NULL,
  `net_amount` decimal(10,2) NOT NULL,
  `commission_desc` longtext NOT NULL,
  `commission_payment` varchar(70) NOT NULL,
  `commission_cheque` varchar(100) NOT NULL,
  `commission_cheque_date` datetime NOT NULL,
  `allowance_payment` varchar(50) NOT NULL,
  `allowance_cheque` varchar(100) NOT NULL,
  `allowance_cheque_date` datetime NOT NULL,
  `mbf_payment` varchar(50) NOT NULL,
  `mbf_cheque` varchar(100) NOT NULL,
  `mbf_cheque_date` datetime NOT NULL,
  `advance_payment` varchar(50) NOT NULL,
  `advance_cheque` varchar(100) NOT NULL,
  `advance_cheque_date` datetime NOT NULL,
  `income_payment` varchar(50) NOT NULL,
  `income_cheque` varchar(100) NOT NULL,
  `income_cheque_date` datetime NOT NULL,
  `reimbursement_payment` varchar(50) NOT NULL,
  `reimbursement_cheque` varchar(100) NOT NULL,
  `reimbursement_cheque_date` datetime NOT NULL,
  `allowance_desc` longtext NOT NULL,
  `mbf_desc` longtext NOT NULL,
  `advance_loan_desc` longtext NOT NULL,
  `income_tax_desc` longtext NOT NULL,
  `reimbursement_desc` longtext NOT NULL,
  `status` int(1) NOT NULL DEFAULT '1',
  `branch_id` bigint(20) DEFAULT NULL,
  `created_by` bigint(5) DEFAULT NULL,
  `created_on` timestamp NULL DEFAULT NULL,
  `updated_by` bigint(5) DEFAULT NULL,
  `updated_on` timestamp NULL DEFAULT NULL,
  PRIMARY KEY (`id`),
  KEY `created_by` (`created_by`),
  KEY `updated_by` (`updated_by`),
  KEY `branch_id` (`branch_id`)
) ENGINE=InnoDB AUTO_INCREMENT=2 DEFAULT CHARSET=latin1;
/*!40101 SET character_set_client = @saved_cs_client */;

--
-- Dumping data for table `uc_payslip`
--

LOCK TABLES `uc_payslip` WRITE;
/*!40000 ALTER TABLE `uc_payslip` DISABLE KEYS */;
INSERT INTO `uc_payslip` VALUES (1,1,'2','2017',2800.00,0.00,0.00,'1','30','29','0.00','0.00',0.00,0.00,0.00,0.00,0.00,'2017-03-18','Cheque','','198853798','POSB','123457','',0.00,0.00,0.00,'2017-03-18 00:00:00',2706.67,'','','','0000-00-00 00:00:00','','','0000-00-00 00:00:00','','','0000-00-00 00:00:00','','','0000-00-00 00:00:00','','','0000-00-00 00:00:00','','','0000-00-00 00:00:00','','','','','',1,2,2,'2017-03-18 11:18:22',2,'2017-03-18 11:18:34');
/*!40000 ALTER TABLE `uc_payslip` ENABLE KEYS */;
UNLOCK TABLES;

--
-- Table structure for table `uc_petty_cash`
--

DROP TABLE IF EXISTS `uc_petty_cash`;
/*!40101 SET @saved_cs_client     = @@character_set_client */;
/*!40101 SET character_set_client = utf8 */;
CREATE TABLE `uc_petty_cash` (
  `id` bigint(20) NOT NULL AUTO_INCREMENT,
  `date` timestamp NULL DEFAULT NULL,
  `opening_balance` decimal(10,2) DEFAULT NULL,
  `total_sales` decimal(10,2) DEFAULT NULL,
  `nets_payment` decimal(10,2) DEFAULT NULL,
  `unpaid_sale_amt` decimal(10,2) DEFAULT NULL,
  `cheque_amt` decimal(10,2) DEFAULT NULL,
  `expense_amt` decimal(10,2) DEFAULT NULL,
  `bill_payment` decimal(10,2) DEFAULT NULL,
  `prev_day_collection` decimal(10,2) DEFAULT NULL,
  `refund_amt` decimal(10,2) DEFAULT NULL,
  `purchase_amt` decimal(10,2) DEFAULT NULL,
  `ledger_amt` decimal(10,2) DEFAULT NULL,
  `banking` decimal(10,2) DEFAULT NULL,
  `closing_balance` decimal(10,2) DEFAULT NULL,
  `remarks` text NOT NULL,
  `status` int(2) NOT NULL DEFAULT '1' COMMENT '1 - Active, 10-Deleted',
  `branch_id` bigint(20) DEFAULT NULL,
  `created_on` timestamp NULL DEFAULT NULL,
  `created_by` bigint(20) DEFAULT NULL,
  `updated_on` timestamp NULL DEFAULT NULL,
  `updated_by` bigint(20) DEFAULT NULL,
  PRIMARY KEY (`id`),
  KEY `branch_id` (`branch_id`),
  KEY `created_by` (`created_by`),
  KEY `updated_by` (`updated_by`),
  CONSTRAINT `uc_petty_cash_ibfk_1` FOREIGN KEY (`branch_id`) REFERENCES `uc_branches` (`id`),
  CONSTRAINT `uc_petty_cash_ibfk_2` FOREIGN KEY (`created_by`) REFERENCES `uc_users` (`id`),
  CONSTRAINT `uc_petty_cash_ibfk_3` FOREIGN KEY (`updated_by`) REFERENCES `uc_users` (`id`)
) ENGINE=InnoDB AUTO_INCREMENT=2 DEFAULT CHARSET=utf8;
/*!40101 SET character_set_client = @saved_cs_client */;

--
-- Dumping data for table `uc_petty_cash`
--

LOCK TABLES `uc_petty_cash` WRITE;
/*!40000 ALTER TABLE `uc_petty_cash` DISABLE KEYS */;
INSERT INTO `uc_petty_cash` VALUES (1,'2017-03-17 16:00:00',0.00,1064.00,NULL,0.00,NULL,0.00,0.00,0.00,0.00,0.00,1064.00,0.00,1064.00,'',1,1,'2017-03-18 12:00:18',7,'2017-03-18 12:07:31',7);
/*!40000 ALTER TABLE `uc_petty_cash` ENABLE KEYS */;
UNLOCK TABLES;

--
-- Table structure for table `uc_petty_cash_items`
--

DROP TABLE IF EXISTS `uc_petty_cash_items`;
/*!40101 SET @saved_cs_client     = @@character_set_client */;
/*!40101 SET character_set_client = utf8 */;
CREATE TABLE `uc_petty_cash_items` (
  `id` bigint(20) NOT NULL AUTO_INCREMENT,
  `petty_cash_id` bigint(20) DEFAULT NULL,
  `group_name` int(1) NOT NULL COMMENT '1-Increase amount in pettycash, 2-Decrease amount in pettycash, 3-Make invoice as unpaid & Don''t show in pettycash',
  `type` int(1) NOT NULL COMMENT '1-Today, 2-Previous day',
  `payment_type` varchar(150) DEFAULT NULL,
  `amount` decimal(10,2) DEFAULT NULL,
  `branch_id` bigint(20) DEFAULT NULL,
  `created_by` bigint(20) DEFAULT NULL,
  `created_on` timestamp NULL DEFAULT NULL,
  `updated_by` bigint(20) DEFAULT NULL,
  `updated_on` timestamp NULL DEFAULT NULL,
  PRIMARY KEY (`id`),
  KEY `petty_cash_id` (`petty_cash_id`),
  KEY `branch_id` (`branch_id`),
  KEY `created_by` (`created_by`),
  KEY `updated_by` (`updated_by`),
  CONSTRAINT `uc_petty_cash_items_ibfk_1` FOREIGN KEY (`petty_cash_id`) REFERENCES `uc_petty_cash` (`id`),
  CONSTRAINT `uc_petty_cash_items_ibfk_3` FOREIGN KEY (`branch_id`) REFERENCES `uc_branches` (`id`),
  CONSTRAINT `uc_petty_cash_items_ibfk_4` FOREIGN KEY (`created_by`) REFERENCES `uc_users` (`id`),
  CONSTRAINT `uc_petty_cash_items_ibfk_5` FOREIGN KEY (`updated_by`) REFERENCES `uc_users` (`id`)
) ENGINE=InnoDB AUTO_INCREMENT=13 DEFAULT CHARSET=utf8;
/*!40101 SET character_set_client = @saved_cs_client */;

--
-- Dumping data for table `uc_petty_cash_items`
--

LOCK TABLES `uc_petty_cash_items` WRITE;
/*!40000 ALTER TABLE `uc_petty_cash_items` DISABLE KEYS */;
INSERT INTO `uc_petty_cash_items` VALUES (1,1,1,1,'CASH',1064.00,1,7,'2017-03-18 12:00:18',7,'2017-03-18 12:07:31'),(2,1,2,1,'NETS',0.00,1,7,'2017-03-18 12:00:18',7,'2017-03-18 12:07:31'),(3,1,2,1,'VISA CARD',0.00,1,7,'2017-03-18 12:00:18',7,'2017-03-18 12:07:31'),(4,1,2,1,'MASTER CARD',0.00,1,7,'2017-03-18 12:00:18',7,'2017-03-18 12:07:31'),(5,1,2,1,'CHEQUE',0.00,1,7,'2017-03-18 12:00:18',7,'2017-03-18 12:07:31'),(6,1,2,1,'AMERICAN EXPRESS',0.00,1,7,'2017-03-18 12:00:18',7,'2017-03-18 12:07:31'),(7,1,1,2,'CASH',0.00,1,7,'2017-03-18 12:07:31',NULL,NULL),(8,1,2,2,'NETS',0.00,1,7,'2017-03-18 12:07:31',NULL,NULL),(9,1,2,2,'VISA CARD',0.00,1,7,'2017-03-18 12:07:31',NULL,NULL),(10,1,2,2,'MASTER CARD',0.00,1,7,'2017-03-18 12:07:31',NULL,NULL),(11,1,2,2,'CHEQUE',0.00,1,7,'2017-03-18 12:07:31',NULL,NULL),(12,1,2,2,'AMERICAN EXPRESS',0.00,1,7,'2017-03-18 12:07:31',NULL,NULL);
/*!40000 ALTER TABLE `uc_petty_cash_items` ENABLE KEYS */;
UNLOCK TABLES;

--
-- Table structure for table `uc_product`
--

DROP TABLE IF EXISTS `uc_product`;
/*!40101 SET @saved_cs_client     = @@character_set_client */;
/*!40101 SET character_set_client = utf8 */;
CREATE TABLE `uc_product` (
  `id` int(11) NOT NULL AUTO_INCREMENT,
  `cat_id` int(11) DEFAULT NULL,
  `pdt_code` varchar(50) NOT NULL,
  `pdt_name` text NOT NULL,
  `selling_price` decimal(10,2) NOT NULL,
  `buying_price` decimal(10,2) NOT NULL,
  `unit_id` int(11) DEFAULT NULL,
  `pdt_description` text NOT NULL,
  `bar_code` varchar(255) NOT NULL,
  `s_no` varchar(255) NOT NULL,
  `model_no` varchar(250) NOT NULL,
  `status` int(1) NOT NULL COMMENT '1-Active,2-Inactive,10-deleted',
  `item_category` bigint(20) DEFAULT NULL,
  `sub_category` bigint(20) DEFAULT NULL,
  `image` varchar(200) DEFAULT NULL,
  `branch_id` bigint(20) DEFAULT NULL,
  `created_by` bigint(20) DEFAULT NULL,
  `created_on` timestamp NULL DEFAULT NULL,
  `updated_by` bigint(20) DEFAULT NULL,
  `updated_on` timestamp NULL DEFAULT NULL,
  `ip_address` varchar(30) DEFAULT NULL,
  PRIMARY KEY (`id`),
  KEY `created_by` (`created_by`),
  KEY `updated_by` (`updated_by`),
  KEY `cat_id` (`cat_id`),
  KEY `unit_id` (`unit_id`),
  KEY `branch_id` (`branch_id`),
  KEY `item_category` (`item_category`),
  KEY `sub_category` (`sub_category`)
) ENGINE=InnoDB AUTO_INCREMENT=185 DEFAULT CHARSET=latin1;
/*!40101 SET character_set_client = @saved_cs_client */;

--
-- Dumping data for table `uc_product`
--

LOCK TABLES `uc_product` WRITE;
/*!40000 ALTER TABLE `uc_product` DISABLE KEYS */;
INSERT INTO `uc_product` VALUES (2,13,'IXP002','IXPAND FLASH DRIVE 128GB',139.00,96.00,NULL,'','619659144401','','',10,NULL,NULL,NULL,3,2,'2017-02-24 13:17:29',2,'2017-03-01 07:31:10',NULL),(3,13,'WIR003','WIRELESS STICK 64GB',55.00,50.20,NULL,'','619659130565','','',10,NULL,NULL,NULL,3,2,'2017-02-24 13:24:00',2,'2017-03-01 07:31:16',NULL),(4,NULL,'TST75643655','',0.00,0.00,NULL,'','','','',10,NULL,NULL,NULL,1,2,'2017-02-25 08:16:21',2,'2017-02-25 08:16:52',NULL),(5,13,'ULT005','ULTRA MICRO SD 48M/B 16GB',9.00,8.00,NULL,'','619659134020','','',10,NULL,NULL,NULL,3,2,'2017-02-25 12:16:13',2,'2017-03-01 07:31:19',NULL),(6,13,'ULT006','ULTRA MICRO SD 48M/B 32GB',16.00,15.00,NULL,'','619659134044','','',10,NULL,NULL,NULL,3,2,'2017-02-25 12:17:53',2,'2017-03-01 07:31:28',NULL),(7,13,'ULT007','ULTRA MICRO SD 48M/B  64GB',27.50,26.00,NULL,'','619659134068','','',10,NULL,NULL,NULL,3,2,'2017-02-25 12:18:19',2,'2017-03-01 07:31:25',NULL),(8,13,'ULT008','ULTRA MICRO SD 80M/B 16GB',11.50,9.00,NULL,'','619659134648','','',10,NULL,NULL,NULL,3,2,'2017-02-25 12:19:52',2,'2017-03-01 07:31:32',NULL),(9,13,'ULT009','ULTRA MICRO SD 80M/B 32GB',18.00,0.00,NULL,'','619659134747','','',10,NULL,NULL,NULL,3,2,'2017-02-25 12:20:18',2,'2017-03-01 07:31:37',NULL),(10,13,'ULT010','ULTRA MICRO SD 80M/B 64GB',33.00,0.00,NULL,'','619659134846','','',10,NULL,NULL,NULL,3,2,'2017-02-25 12:21:01',2,'2017-03-01 07:31:40',NULL),(11,13,'ULT011','ULTRA MICRO SD 90M/B 128GB',95.00,0.00,NULL,'','619659142261','','',10,NULL,NULL,NULL,3,2,'2017-02-25 12:22:44',2,'2017-03-01 07:31:45',NULL),(12,13,'ULT012','ULTRA MICRO SD 90M/B 64GB',45.00,0.00,NULL,'','619659147983','','',10,NULL,NULL,NULL,3,2,'2017-02-25 12:23:07',2,'2017-03-01 07:31:50',NULL),(13,13,'ULT013','ULTRA MICRO SD 90M/B 16GB',25.00,0.00,NULL,'','619659147884','','',10,NULL,NULL,NULL,3,2,'2017-02-25 12:23:30',2,'2017-03-01 07:31:54',NULL),(14,13,'ULT014','ULTRA MICRO SD EXTREME PRO 95M/B 128GB',139.00,0.00,NULL,'','619659152758','','',10,NULL,NULL,NULL,3,2,'2017-02-25 12:25:08',2,'2017-03-01 07:31:58',NULL),(15,13,'ULT015','ULTRA MICRO SD EXTREME PRO 95M/B 64GB',52.00,0.00,NULL,'','619659152413','','',10,NULL,NULL,NULL,3,2,'2017-02-25 12:25:31',2,'2017-03-01 07:32:01',NULL),(16,13,'HIG016','HIGH ENDURANCE MICRO SD 64 GB ',43.00,40.00,NULL,'','619659128425','','',10,NULL,NULL,NULL,3,2,'2017-02-25 12:27:28',2,'2017-03-01 07:32:05',NULL),(17,13,'HIG017','HIGH ENDURANCE MICRO SD 32GB',20.00,0.00,NULL,'','619659126513','','',10,NULL,NULL,NULL,3,2,'2017-02-25 12:28:10',2,'2017-03-01 07:32:09',NULL),(18,13,'IXP018','IXPAND FLASH DRIVE 64GB',85.00,0.00,NULL,'','619659145019','','',10,NULL,NULL,NULL,3,2,'2017-02-25 12:30:55',2,'2017-03-01 07:32:13',NULL),(19,13,'IXP019','IXPAND FLASH DRIVE 16GB',45.00,0.00,NULL,'','619659144340','','',10,NULL,NULL,NULL,3,2,'2017-02-25 12:31:18',2,'2017-03-01 07:32:17',NULL),(20,13,'WIR020','WIRELESS DISK',39.00,36.00,NULL,'','619659130503','','',10,1,NULL,NULL,1,2,'2017-02-25 12:39:10',2,'2017-03-01 07:32:22',NULL),(21,13,'UCSI 001','ULTRA CF 50MB/S 8GB\r\n',12.00,0.00,NULL,'','','','',1,1,0,'0',3,2,'2017-03-01 07:29:41',2,'2017-03-14 15:01:16',NULL),(22,30,'UCSI 002','SD EXTREME PRO UHS (XPA) 95MB/S\r\n',0.00,445.00,NULL,'','','','',1,21,NULL,'0',3,2,'2017-03-01 09:07:08',NULL,NULL,NULL),(23,NULL,'UCSI 003','HDMI CABLE V1.4 .5M\r\n',5.00,3.50,NULL,'','','','',1,7,NULL,'0',3,8,'2017-03-02 04:20:32',2,'2017-03-15 04:51:29',NULL),(24,NULL,'UCSI 004','HDMI CABLE V1.4 1M\r\n',0.00,0.00,NULL,'','','','',1,7,NULL,'0',3,8,'2017-03-02 04:23:01',NULL,NULL,NULL),(25,NULL,'UCSI 005','HDMI CABLE V1.4 1.5M\r\n',0.00,0.00,NULL,'','','','',1,7,NULL,'0',3,8,'2017-03-02 04:23:22',NULL,NULL,NULL),(26,NULL,'UCSI 006','HDMI CABLE V1.4 2M\r\n',0.00,0.00,NULL,'','','','',1,7,NULL,'0',3,8,'2017-03-02 04:23:40',NULL,NULL,NULL),(27,NULL,'UCSI 007','HDMI CABLE V1.4 3M\r\n',0.00,0.00,NULL,'','','','',1,7,NULL,'0',3,8,'2017-03-02 04:24:01',NULL,NULL,NULL),(28,NULL,'UCSI 008','HDMI CABLE V1.4 5M\r\n',0.00,0.00,NULL,'','','','',1,7,NULL,'0',3,8,'2017-03-02 04:26:06',NULL,NULL,NULL),(29,NULL,'UCSI 009','HDMI CABLE V1.4 8M\r\n',0.00,0.00,NULL,'','','','',1,7,NULL,'0',3,8,'2017-03-02 04:26:38',NULL,NULL,NULL),(30,NULL,'UCSI 010','HDMI CABLE V1.4 10M\r\n',0.00,0.00,NULL,'','','','',1,7,NULL,'0',3,8,'2017-03-02 04:27:12',NULL,NULL,NULL),(31,NULL,'UCSI 011','HDMI CABLE V1.4 15M\r\n',0.00,0.00,NULL,'','','','',1,7,NULL,'0',3,8,'2017-03-02 04:27:28',NULL,NULL,NULL),(32,NULL,'UCSI 012','HDMI CABLE V1.4 20M\r\n',0.00,0.00,NULL,'','','','',1,7,NULL,'0',3,8,'2017-03-02 04:27:43',NULL,NULL,NULL),(33,NULL,'UCSI 013','HDMI CABLE V1.4 25M\r\n',0.00,0.00,NULL,'','','','',1,7,NULL,'0',3,8,'2017-03-02 04:27:58',NULL,NULL,NULL),(34,NULL,'UCSI 014','HDMI CABLE V1.4 30M\r\n',0.00,0.00,NULL,'','','','',1,7,NULL,'0',3,8,'2017-03-02 04:28:12',NULL,NULL,NULL),(35,NULL,'UCSI 015','DVI CABLE 1.5M\r\n',0.00,0.00,NULL,'','','','',1,9,NULL,'0',3,8,'2017-03-02 04:30:22',NULL,NULL,NULL),(36,NULL,'UCSI 016','DVI CABLE 1.8M\r\n',0.00,0.00,NULL,'','','','',1,9,NULL,'0',3,8,'2017-03-02 04:30:59',NULL,NULL,NULL),(37,NULL,'UCSI 017','DVI CABLE 2M\r\n',0.00,0.00,NULL,'','','','',1,9,NULL,'0',3,8,'2017-03-02 04:31:14',NULL,NULL,NULL),(38,NULL,'UCSI 018','DVI CABLE 3M\r\n',0.00,0.00,NULL,'','','','',1,9,NULL,'0',3,8,'2017-03-02 04:31:28',NULL,NULL,NULL),(39,NULL,'UCSI 019','DVI CABLE 5M\r\n',0.00,0.00,NULL,'','','','',1,9,NULL,'0',3,8,'2017-03-02 04:31:49',NULL,NULL,NULL),(40,NULL,'UCSI 020','DVI CABLE 10M\r\n',0.00,0.00,NULL,'','','','',1,9,NULL,'0',3,8,'2017-03-02 04:32:08',NULL,NULL,NULL),(41,NULL,'UCSI 021','DVI CABLE 15M\r\n',0.00,0.00,NULL,'','','','',1,9,NULL,'0',3,8,'2017-03-02 04:32:24',NULL,NULL,NULL),(42,NULL,'UCSI 022','DVI CABLE 20M\r\n',0.00,0.00,NULL,'','','','',1,9,NULL,'0',3,8,'2017-03-02 04:32:58',NULL,NULL,NULL),(43,NULL,'UCSI 023','DVI CABLE 25M\r\n',0.00,0.00,NULL,'','','','',1,9,NULL,'0',3,8,'2017-03-02 04:33:24',NULL,NULL,NULL),(44,NULL,'UCSI 024','CAT 5E CABLE .25M\r\n',0.00,0.00,NULL,'','','','',1,10,NULL,'0',3,8,'2017-03-02 04:54:43',NULL,NULL,NULL),(45,NULL,'UCSI 025','CAT 5E CABLE .5M\r\n',0.00,0.00,NULL,'','','','',1,10,NULL,'0',3,8,'2017-03-02 04:55:03',NULL,NULL,NULL),(46,NULL,'UCSI 026','CAT 5E CABLE 1M\r\n',0.00,0.00,NULL,'','','','',1,10,NULL,'0',3,8,'2017-03-02 04:55:19',NULL,NULL,NULL),(47,NULL,'UCSI 027','CAT 5E CABLE 1.5M\r\n',0.00,0.00,NULL,'','','','',1,10,NULL,'0',3,8,'2017-03-02 04:55:33',NULL,NULL,NULL),(48,NULL,'UCSI 028','CAT 5E CABLE 2M\r\n',0.00,0.00,NULL,'','','','',1,10,NULL,'0',3,8,'2017-03-02 04:56:04',NULL,NULL,NULL),(49,NULL,'UCSI 029','CAT 5E CABLE 3M\r\n',0.00,0.00,NULL,'','','','',1,10,NULL,'0',3,8,'2017-03-02 04:56:18',NULL,NULL,NULL),(50,NULL,'UCSI 030','CAT 5E CABLE 5M\r\n',0.00,0.00,NULL,'','','','',1,10,NULL,'0',3,8,'2017-03-02 04:56:34',NULL,NULL,NULL),(51,NULL,'UCSI 031','CAT 5E CABLE 10M\r\n',0.00,0.00,NULL,'','','','',1,10,NULL,'0',3,8,'2017-03-02 04:56:48',NULL,NULL,NULL),(52,NULL,'UCSI 032','CAT 5E CABLE 15M\r\n',0.00,0.00,NULL,'','','','',1,10,NULL,'0',3,8,'2017-03-02 04:57:01',NULL,NULL,NULL),(53,NULL,'UCSI 033','CAT 5E CABLE 20M\r\n',0.00,0.00,NULL,'','','','',1,10,NULL,'0',3,8,'2017-03-02 04:57:16',NULL,NULL,NULL),(54,NULL,'UCSI 034','CAT 5E CABLE 25M\r\n',0.00,0.00,NULL,'','','','',1,10,NULL,'0',3,8,'2017-03-02 04:57:30',NULL,NULL,NULL),(55,NULL,'UCSI 035','CAT 5E CABLE 30M\r\n',0.00,0.00,NULL,'','','','',1,10,NULL,'0',3,8,'2017-03-02 04:57:45',NULL,NULL,NULL),(56,NULL,'UCSI 036','CAT 5E CABLE 35M\r\n',0.00,0.00,NULL,'','','','',1,10,NULL,'0',3,8,'2017-03-02 04:57:59',NULL,NULL,NULL),(57,NULL,'UCSI 037','CAT 5E CABLE 40M\r\n',0.00,0.00,NULL,'','','','',1,10,NULL,'0',3,8,'2017-03-02 04:58:13',NULL,NULL,NULL),(58,NULL,'UCSI 038','CAT 5E CABLE 45M\r\n',0.00,0.00,NULL,'','','','',1,10,NULL,'0',3,8,'2017-03-02 04:58:25',NULL,NULL,NULL),(59,NULL,'UCSI 039','CAT 5E CABLE 50M\r\n',0.00,0.00,NULL,'','','','',1,10,NULL,'0',3,8,'2017-03-02 04:58:37',NULL,NULL,NULL),(60,NULL,'UCSI 040','CAT 7 CABLE 1M\r\n',0.00,0.00,NULL,'','','','',1,10,NULL,'0',3,8,'2017-03-02 05:14:51',NULL,NULL,NULL),(61,NULL,'UCSI 041','CAT 7 CABLE 1.5M\r\n',0.00,0.00,NULL,'','','','',1,10,NULL,'product/2_cat5_blue.png',3,8,'2017-03-02 05:15:05',2,'2017-03-03 13:00:03',NULL),(62,NULL,'UCSI 042','MINI USB 5 PIN CABLE 1M\r\n',0.00,0.00,NULL,'','','','',1,12,NULL,'0',3,2,'2017-03-04 02:48:21',NULL,NULL,NULL),(63,NULL,'UCSI 043','MINI USB 5 PIN CABLE 1.5M\r\n',0.00,0.00,NULL,'','','','',1,12,NULL,'0',3,2,'2017-03-04 02:48:50',NULL,NULL,NULL),(64,NULL,'UCSI 044','MINI USB 5 PIN CABLE 1.8M\r\n',0.00,0.00,NULL,'','','','',1,12,NULL,'0',3,2,'2017-03-04 02:49:10',NULL,NULL,NULL),(65,NULL,'UCSI 045','MINI USB 5 PIN CABLE 2M\r\n',0.00,0.00,NULL,'','','','',1,12,NULL,'0',3,2,'2017-03-04 02:49:27',NULL,NULL,NULL),(66,NULL,'UCSI 046','MINI USB 5 PIN CABLE 3M\r\n',0.00,0.00,NULL,'','','','',1,12,NULL,'0',3,2,'2017-03-04 02:51:08',NULL,NULL,NULL),(67,NULL,'UCSI 047','MINI USB 5 PIN CABLE 5M\r\n',0.00,0.00,NULL,'','','','',1,12,NULL,'0',3,2,'2017-03-04 02:51:31',NULL,NULL,NULL),(68,NULL,'UCSI 048','MINI USB 5 PIN CABLE 10M\r\n',0.00,0.00,NULL,'','','','',1,12,NULL,'0',3,2,'2017-03-04 02:51:53',NULL,NULL,NULL),(69,NULL,'UCSI 049','MICROUSB  CABLE 1M\r\n',0.00,0.00,NULL,'','','','',1,12,NULL,'0',3,2,'2017-03-04 03:55:21',NULL,NULL,NULL),(70,NULL,'UCSI 050','MICROUSB  CABLE 1.5M\r\n',0.00,0.00,NULL,'','','','',1,12,NULL,'0',3,2,'2017-03-04 03:55:39',NULL,NULL,NULL),(71,NULL,'UCSI 051','MICROUSB  CABLE 1.8M\r\n',0.00,0.00,NULL,'','','','',1,12,NULL,'0',3,2,'2017-03-04 03:55:53',NULL,NULL,NULL),(72,NULL,'UCSI 052','MICROUSB  CABLE 2M\r\n',0.00,0.00,NULL,'','','','',1,12,NULL,'0',3,2,'2017-03-04 03:56:07',NULL,NULL,NULL),(73,NULL,'UCSI 053','MICROUSB  CABLE 3M\r\n',0.00,0.00,NULL,'','','','',1,12,NULL,'0',3,2,'2017-03-04 03:56:30',NULL,NULL,NULL),(74,NULL,'UCSI 054','MICROUSB  CABLE 3M\r\n',0.00,0.00,NULL,'','','','',1,12,NULL,'0',3,2,'2017-03-04 03:56:42',NULL,NULL,NULL),(75,NULL,'UCSI 055','MICROUSB  CABLE 5M\r\n',0.00,0.00,NULL,'','','','',1,12,NULL,'0',3,2,'2017-03-04 04:00:16',NULL,NULL,NULL),(76,NULL,'UCSI 056','MICROUSB  CABLE 10M\r\n',0.00,0.00,NULL,'','','','',1,12,NULL,'0',3,2,'2017-03-04 04:00:47',NULL,NULL,NULL),(77,NULL,'UCSI 057','MINI HDMI CABLE .5M\r\n',0.00,0.00,NULL,'','','','',1,7,NULL,'0',3,2,'2017-03-04 04:04:21',NULL,NULL,NULL),(78,NULL,'UCSI 058','MINI HDMI CABLE 1.5M\r\n',0.00,0.00,NULL,'','','','',1,7,NULL,'0',3,2,'2017-03-04 04:08:17',NULL,NULL,NULL),(79,NULL,'UCSI 059','MINI HDMI CABLE 2M\r\n',0.00,0.00,NULL,'','','','',1,7,NULL,'0',3,2,'2017-03-04 04:08:30',NULL,NULL,NULL),(80,NULL,'UCSI 060','MINI HDMI CABLE 3M\r\n',0.00,0.00,NULL,'','','','',1,7,NULL,'0',3,2,'2017-03-04 04:08:45',NULL,NULL,NULL),(81,NULL,'UCSI 061','MINI HDMI CABLE 5M\r\n',0.00,0.00,NULL,'','','','',1,7,NULL,'0',3,2,'2017-03-04 04:08:57',NULL,NULL,NULL),(82,NULL,'UCSI 062','MICRO HDMI CABLE .5M\r\n',0.00,0.00,NULL,'','','','',1,7,NULL,'0',3,2,'2017-03-04 04:09:58',NULL,NULL,NULL),(83,NULL,'UCSI 063','MICRO HDMI CABLE 1M\r\n',0.00,0.00,NULL,'','','','',1,7,NULL,'0',3,2,'2017-03-04 04:10:12',NULL,NULL,NULL),(84,NULL,'UCSI 064','MICRO HDMI CABLE 1.5M\r\n',0.00,0.00,NULL,'','','','',1,7,NULL,'0',3,2,'2017-03-04 04:10:27',NULL,NULL,NULL),(85,NULL,'UCSI 065','MICRO HDMI CABLE 2M\r\n',0.00,0.00,NULL,'','','','',1,7,NULL,'0',3,2,'2017-03-04 04:10:42',NULL,NULL,NULL),(86,NULL,'UCSI 066','MICRO HDMI CABLE 3M\r\n',0.00,0.00,NULL,'','','','',1,7,NULL,'0',3,2,'2017-03-04 04:10:54',NULL,NULL,NULL),(87,NULL,'UCSI 067','MICRO HDMI CABLE 1.8M\r\n',0.00,0.00,NULL,'','','','',1,7,NULL,'0',3,2,'2017-03-04 04:11:12',NULL,NULL,NULL),(88,NULL,'UCSI 068','USB 2.0 EXTENTION CABLE 1M\r\n',0.00,0.00,NULL,'','','','',1,12,NULL,'0',3,2,'2017-03-04 04:20:52',NULL,NULL,NULL),(89,NULL,'UCSI 069','USB 2.0 EXTENTION CABLE 1.5M\r\n',0.00,0.00,NULL,'','','','',1,12,NULL,'0',3,2,'2017-03-04 04:21:09',NULL,NULL,NULL),(90,NULL,'UCSI 070','USB 2.0 EXTENTION CABLE 1.8M\r\n',0.00,0.00,NULL,'','','','',1,12,NULL,'0',3,2,'2017-03-04 04:21:24',NULL,NULL,NULL),(91,NULL,'UCSI 071','USB 2.0 EXTENTION CABLE 2M\r\n',0.00,0.00,NULL,'','','','',1,12,NULL,'0',3,2,'2017-03-04 04:24:24',2,'2017-03-04 06:46:16',NULL),(93,NULL,'UCSI 072','HDMI SPLITTER V1.4 2 PORT\r\n',0.00,0.00,NULL,'','','','',1,23,0,'0',3,2,'2017-03-05 01:14:31',2,'2017-03-05 01:22:49',NULL),(94,NULL,'UCSI 073','HDMI SPLITTER V1.4 4 PORT\r\n',0.00,0.00,NULL,'','','','',1,23,0,'0',3,2,'2017-03-05 01:15:54',2,'2017-03-05 01:22:30',NULL),(95,NULL,'UCSI 074','HDMI SPLITTER V1.4 8 PORT\r\n',0.00,0.00,NULL,'','','','',1,23,0,'0',3,2,'2017-03-05 01:16:12',2,'2017-03-05 01:22:13',NULL),(96,NULL,'UCSI 075','HDMI SPLITTER V1.4 16 PORT\r\n',0.00,0.00,NULL,'','','','',1,23,0,'0',3,2,'2017-03-05 01:16:29',2,'2017-03-05 01:21:57',NULL),(97,NULL,'UCSI 076','HDMI SPLITTER V2 2 PORT\r\n',0.00,0.00,NULL,'','','','',1,23,0,'0',3,2,'2017-03-05 01:17:26',2,'2017-03-05 01:21:29',NULL),(98,NULL,'UCSI 077','HDMI SPLITTER V2 4 PORT\r\n',0.00,0.00,NULL,'','','','',1,23,0,'0',3,2,'2017-03-05 01:20:13',NULL,NULL,NULL),(99,NULL,'UCSI 078','HDMI SPLITTER V2 8 PORT\r\n',0.00,0.00,NULL,'','','','',1,23,0,'0',3,2,'2017-03-05 01:20:35',NULL,NULL,NULL),(100,NULL,'UCSI 079','HDMI SPLITTER V2 16 PORT\r\n',0.00,0.00,NULL,'','','','',1,23,0,'0',3,2,'2017-03-05 01:20:50',NULL,NULL,NULL),(101,NULL,'UCSI 080','HDMI SWITCH V1.4 3 PORT\r\n',0.00,0.00,NULL,'','','','',1,23,0,'0',3,2,'2017-03-05 01:34:40',NULL,NULL,NULL),(102,NULL,'UCSI 081','HDMI SWITCH V1.4 5 PORT\r\n',0.00,0.00,NULL,'','','','',1,23,0,'0',3,2,'2017-03-05 01:34:54',NULL,NULL,NULL),(103,NULL,'UCSI 082','HDMI SWITCH V1.4 8 PORT\r\n',0.00,0.00,NULL,'','','','',1,23,0,'0',3,2,'2017-03-05 01:35:08',NULL,NULL,NULL),(104,NULL,'UCSI 083','HDMI SWITCH V1.4 16 PORT\r\n',0.00,0.00,NULL,'','','','',1,23,0,'0',3,2,'2017-03-05 01:35:24',NULL,NULL,NULL),(105,NULL,'UCSI 084','HDMI SWITCH V2 3 PORT\r\n',0.00,0.00,NULL,'','','','',1,23,0,'0',3,2,'2017-03-05 01:36:44',NULL,NULL,NULL),(106,NULL,'UCSI 085','HDMI SWITCH V2 5 PORT\r\n',0.00,0.00,NULL,'','','','',1,23,0,'0',3,2,'2017-03-05 01:37:04',NULL,NULL,NULL),(107,NULL,'UCSI 086','HDMI SWITCH V2 8 PORT\r\n',0.00,0.00,NULL,'','','','',1,23,0,'0',3,2,'2017-03-05 01:37:16',NULL,NULL,NULL),(108,NULL,'UCSI 087','HDMI SWITCH V2 16 PORT\r\n',0.00,0.00,NULL,'','','','',1,23,0,'0',3,2,'2017-03-05 01:37:32',NULL,NULL,NULL),(109,NULL,'UCSI 088','HDMI SWITCH&SPLITTER V2 2*2 PORT\r\n',0.00,0.00,NULL,'','','','',1,23,0,'0',3,2,'2017-03-05 01:38:44',NULL,NULL,NULL),(110,NULL,'UCSI 089','HDMI SWITCH&SPLITTER V2 4*2 PORT\r\n',0.00,0.00,NULL,'','','','',1,23,0,'0',3,2,'2017-03-05 01:39:04',NULL,NULL,NULL),(111,NULL,'UCSI 090','HDMI SWITCH&SPLITTER V2 8*2 PORT\r\n',0.00,0.00,NULL,'','','','',1,23,0,'0',3,2,'2017-03-05 01:39:19',NULL,NULL,NULL),(112,NULL,'UCSI 091','HDMI SWITCH&SPLITTER V2 2*4PORT\r\n',0.00,0.00,NULL,'','','','',1,23,0,'0',3,2,'2017-03-05 01:40:02',NULL,NULL,NULL),(113,NULL,'UCSI 092','VGA SPLITTER 150MHZ 2 PORT\r\n',0.00,0.00,NULL,'','','','',1,23,0,'0',3,2,'2017-03-05 01:58:55',NULL,NULL,NULL),(114,NULL,'UCSI 093','VGA SPLITTER 250MHZ 2 PORT\r\n',0.00,0.00,NULL,'','','','',1,23,0,'0',3,2,'2017-03-05 01:59:37',NULL,NULL,NULL),(115,NULL,'UCSI 094','VGA SPLITTER 250MHZ 4 PORT\r\n',0.00,0.00,NULL,'','','','',1,23,0,'0',3,2,'2017-03-05 02:13:17',NULL,NULL,NULL),(116,NULL,'UCSI 095','VGA SPLITTER 250MHZ 8 PORT\r\n',0.00,0.00,NULL,'','','','',1,23,0,'0',3,2,'2017-03-05 02:13:33',NULL,NULL,NULL),(117,NULL,'UCSI 096','VGA SPLITTER 350MHZ 2 PORT\r\n',0.00,0.00,NULL,'','','','',1,23,0,'0',3,2,'2017-03-05 02:15:58',NULL,NULL,NULL),(118,NULL,'UCSI 097','VGA SPLITTER 350MHZ 4 PORT\r\n',0.00,0.00,NULL,'','','','',1,23,0,'0',3,2,'2017-03-05 02:16:13',NULL,NULL,NULL),(119,NULL,'UCSI 098','VGA SPLITTER 350MHZ 8 PORT\r\n',0.00,0.00,NULL,'','','','',1,23,0,'0',3,2,'2017-03-05 02:16:28',NULL,NULL,NULL),(120,NULL,'UCSI 099','VGA SPLITTER 450MHZ 2 PORT\r\n',0.00,0.00,NULL,'','','','',1,23,0,'0',3,2,'2017-03-05 02:16:57',NULL,NULL,NULL),(121,NULL,'UCSI 100','VGA SPLITTER 450MHZ 4 PORT\r\n',0.00,0.00,NULL,'','','','',1,23,0,'0',3,2,'2017-03-05 02:17:13',NULL,NULL,NULL),(122,NULL,'UCSI 101','VGA SPLITTER 450MHZ 8 PORT\r\n',0.00,0.00,NULL,'','','','',1,23,0,'0',3,2,'2017-03-05 02:17:28',NULL,NULL,NULL),(123,NULL,'UCSI 102','VGA SPLITTER 500MHZ 2 PORT\r\n',0.00,0.00,NULL,'','','','',1,23,0,'0',3,2,'2017-03-05 02:17:59',NULL,NULL,NULL),(124,NULL,'UCSI 103','VGA SPLITTER 500MHZ 4 PORT\r\n',0.00,0.00,NULL,'','','','',1,23,0,'0',3,2,'2017-03-05 02:18:16',NULL,NULL,NULL),(125,NULL,'UCSI 104','VGA SPLITTER 500MHZ 8 PORT\r\n',0.00,0.00,NULL,'','','','',1,23,0,'0',3,2,'2017-03-05 02:18:31',NULL,NULL,NULL),(126,41,'UCSI 105','2579S3 2.5\" HDD USB 3.0 ENCLOSURE',0.00,0.00,NULL,'','6954301131342','','',1,1,0,'product/2_orico_2579s3.jpg',3,2,'2017-03-17 11:26:35',2,'2017-03-17 11:33:44',NULL),(127,41,'UCSI 106','2139U3 TRANSPARENT 2.5 \" SATA USB3.0 ENCLOSURE',0.00,0.00,NULL,'','6954301185802','','',1,1,0,'product/2_orico_2_5_inch_transparent_hdd_case.jpg',3,2,'2017-03-17 11:34:28',2,'2017-03-17 11:42:34',NULL),(128,41,'UCSI 107','2189U3 2.5\" SATA USB3.O HDD ENCLOSURE',0.00,0.00,NULL,'','6954301189688','','',1,1,0,'product/2_orico_2189u3.jpg',3,2,'2017-03-17 11:43:57',2,'2017-03-17 11:45:47',NULL),(129,41,'UCSI 108','2538C3 2.5\" SATA TYPE-C HDD ENCLOSURE',0.00,0.00,NULL,'','6954301169321','','',1,1,0,'product/2_orico_2_5_inch_type_c.jpg',3,2,'2017-03-17 11:47:44',NULL,NULL,NULL),(130,41,'UCSI 109','3588US3 USB3.0 3.5\" SATA HDD ENCLOSURE',0.00,0.00,NULL,'','6954301113980','','',1,1,0,'product/2_3.5_sata_enclosure.jpg',3,2,'2017-03-17 11:50:23',NULL,NULL,NULL),(131,41,'UCSI 110','6518US3 USB3.0 2.5/3.5 SATA HDD DOCK',0.00,0.00,NULL,'','6954301116660','','',1,1,0,'product/2_6518us3_usb3.0_sata_hdd_dock.jpg',3,2,'2017-03-17 11:56:10',NULL,NULL,NULL),(132,41,'UCSI 111','35UTS USB3.O SATA HDD/SSD ADAPTER',0.00,0.00,NULL,'','6954301112914','','',1,1,0,'product/2_orico_35uts_sata_adapter.jpg',3,2,'2017-03-17 11:59:54',NULL,NULL,NULL),(133,41,'UCSI 112','7566 ALL IN 1 USB3.0 CARD READER',0.00,0.00,NULL,'','6954301121169','','',1,1,0,'product/2_7566_all_in_1_usb3.0_card_reader.jpg',3,2,'2017-03-17 12:02:32',NULL,NULL,NULL),(134,41,'UCSI 113','DU3V-BK USB3.0 TO VGA ADAPTER',0.00,0.00,NULL,'','6954301125686','','',1,24,0,'product/2_du3v_bk_usb3.0_to_vga_adapter.jpg',3,2,'2017-03-17 12:07:10',NULL,NULL,NULL),(135,41,'UCSI 114','DU3 SERIES USB3.0 TO HDMI',0.00,0.00,NULL,'','X000A9JNJX','','',1,24,0,'product/2_du3_series_usb3.0_to_hdmi.jpg',3,2,'2017-03-17 12:09:39',NULL,NULL,NULL),(136,41,'UCSI 115','MSA-U3-SV USB3.O TO M SATA ENCLOSURE',0.00,0.00,NULL,'','6954301155331','','',1,1,0,'product/2_msa_u3_sv_usb3.o_to_m_sata_enclosure.jpg',3,2,'2017-03-17 12:11:25',NULL,NULL,NULL),(137,41,'UCSI 116','ARL-U3 USB3.0 GIGABIT ETHERNET ADAPTER',0.00,0.00,NULL,'','6954301141709','','',1,19,0,'product/2_arl_u3_usb3.0_gigabit_ethernet_adapter.jpg',3,2,'2017-03-17 12:13:56',2,'2017-03-17 12:18:33',NULL),(138,41,'UCSI 117','U3BCH4 BC 1.2 USB3.O CHARGING HUB',0.00,0.00,NULL,'','6954301161431','','',1,25,0,'product/2_u3bch4_bc_1.2_usb3.o_charging_hub.jpg',3,2,'2017-03-17 12:17:53',NULL,NULL,NULL),(139,41,'UCSI 118','TC2U-U3 4 PORT TYPE C HUB',0.00,0.00,NULL,'','6954301154884','','',1,25,1,'product/2_tc2u_u3_4_port_type_c_hub.jpg',3,2,'2017-03-17 12:30:24',2,'2017-03-17 13:01:10',NULL),(140,41,'UCSI 119','W5PH4 SERIES ULTRA MINI USB3.0 4 PORT HUB',0.00,0.00,NULL,'','6954301161356','','',1,25,0,'product/2_w5ph4_series_ultra_mini_usb3.0_4_port_hub.jpg',3,2,'2017-03-17 12:32:50',NULL,NULL,NULL),(141,41,'UCSI 120','W9PH4-U3 USB3.O HUB WITH BUTTON',0.00,0.00,NULL,'','6954301149811','','',1,25,0,'product/2_w9ph4_u3_usb3.o_hub.jpg',3,2,'2017-03-17 12:35:20',NULL,NULL,NULL),(142,41,'UCSI 121','H10 SERIES USB3.0 10 PORT USB HUB WITH CHARGER &3*ON/OFF SWITCHES',0.00,0.00,NULL,'','6954301161660','','',1,25,0,'product/2_10port_hub.jpg',3,2,'2017-03-17 12:39:29',NULL,NULL,NULL),(143,41,'UCSI 122','HR01 USB3.0 HUB WITH GIGABIT ETHERNET',0.00,0.00,NULL,'','6954301161370','','',1,25,0,'product/2_hr01_usb3.0_hub_with_gigabit_ethernet.jpg',3,2,'2017-03-17 12:41:29',NULL,NULL,NULL),(144,41,'UCSI 123','1105SS 3.5 \" HDD BRACKET',5.00,0.00,NULL,'','6954301103424','','',1,27,0,'product/2_hdd_bracket_3.5_inch.jpg',3,2,'2017-03-17 12:45:17',7,'2017-03-18 11:38:01',NULL),(145,41,'UCSI 124','ASL-U3 USB3.0 GIGABIT ETHERNET ADAPTER',0.00,0.00,NULL,'','6954301114529','','',1,19,0,'product/2_asl_u3_usb3.0_gigabit_ethernet_adapter.jpg',3,2,'2017-03-17 12:47:26',NULL,NULL,NULL),(146,41,'UCSI 125','TC4U-U3 USB3.O  TYPE C HUB',0.00,0.00,NULL,'','6954301143796','','',1,25,1,'product/2_tc4u_u3_usb3.o_type_c_hub.jpg',3,2,'2017-03-17 12:50:38',NULL,NULL,NULL),(147,41,'UCSI 126','MSA-UC3-SV MSATA ENCLOSURE',0.00,0.00,NULL,'','6954301146575','','',1,1,0,'product/2_msa_uc3_sv_msata_enclosure.jpg',3,2,'2017-03-17 12:52:18',NULL,NULL,NULL),(148,41,'UCSI 127','UT SERIES USB TO NETWORK ADAPTER',0.00,0.00,NULL,'','6954301121787','','',1,19,0,'product/2_ut_series_usb_to_network_adapter.jpg',3,2,'2017-03-17 12:53:53',NULL,NULL,NULL),(149,41,'UCSI 128','ARH4-U3 ALUMINIUM 4 PORT USB3.0 HUB',0.00,0.00,NULL,'','6954301164142','','',1,25,0,'product/2_arh4_u3_aluminium_4_port_usb3.0_hub.jpg',3,2,'2017-03-17 12:55:50',NULL,NULL,NULL),(150,41,'UCSI 129','ASH4-U3-PRO ALUMINIUM USB3.0 HUB',0.00,0.00,NULL,'','6954301149354','','',1,25,0,'product/2_ash4_u3_pro_aluminium_usb3.0_hub.jpg',3,2,'2017-03-17 12:59:01',NULL,NULL,NULL),(151,41,'UCSI 130','H7013-U3-AD 7 PORT USB3.0 HUB ',0.00,0.00,NULL,'','6954301166856','','',1,25,0,'product/2_h7013_u3_ad_7_port_usb3.0_hub.jpg',3,2,'2017-03-17 13:00:32',NULL,NULL,NULL),(152,41,'UCSI 131','ASH3L-U3ALUMINIUM USB3.0 GIGABIT ETHERNET ADAPTER HUB',0.00,0.00,NULL,'','6954301114512','','',1,19,2,'product/2_ash3l_u3aluminium_usb3.0_gigabit_ethernet_adapter_hub.jpg',3,2,'2017-03-17 13:10:53',2,'2017-03-17 13:13:31',NULL),(153,41,'UCSI 132','2139C3-PU 2.5\" TRANSPARENT SATA TYPE C ENCLOSURE',4.00,0.00,NULL,'','6954301187219','','',1,1,3,'product/2_tranparent_type_c_enclosure.jpg',3,2,'2017-03-17 13:20:08',7,'2017-03-18 11:38:01',NULL),(154,41,'UCSI 133','W6PH4-U3 4 PORT USB3.0 HUB',0.00,0.00,NULL,'','6954301149835','','',1,25,0,'product/2_w6ph4_u3_4_port_usb3.0_hub.jpg',3,2,'2017-03-17 13:23:38',NULL,NULL,NULL),(155,41,'UCSI 134','TCH1-WH USB HUB WITH TYPE C TO HDMI ADAPTER',0.00,0.00,NULL,'','6954301154518','','',1,24,0,'product/2_tch1_wh_usb_hub_with_type_c_to_hdmi_adapter.jpg',3,2,'2017-03-17 13:26:03',NULL,NULL,NULL),(156,13,'UCSI 135','ULTRA DUAL DRIVE USB 3.0 DD2 128GB \r\n',12.00,10.00,NULL,'','619659143510','','',1,5,0,'0',3,2,'2017-03-18 02:44:22',NULL,'2017-03-19 11:40:11',NULL),(157,NULL,'UCSI 136','',0.00,0.00,NULL,'','511226167465','','',10,0,0,'0',3,7,'2017-03-18 02:52:59',7,'2017-03-18 02:53:26',NULL),(158,41,'UCSI 136','PC125-1S PCI TO 2.5\" IDE/SATA/SSD',0.00,0.00,NULL,'','6954301149224','','',1,27,0,'product/2_pci_to2.5.jpg',3,2,'2017-03-18 11:03:31',NULL,NULL,NULL),(159,41,'UCSI 137','DF4U-U3 USB3.0 4 PORT HUB',0.00,0.00,NULL,'','6954301163923','','',1,25,0,'product/2_df4u_u3_usb3.0_4_port_hub.jpg',3,2,'2017-03-18 11:05:40',2,'2017-03-18 11:06:06',NULL),(160,41,'UCSI 138','LX SERIES LAPTOP HARD DRIVE MOUNT',0.00,0.00,NULL,'','6954301131151','','',1,27,0,'product/2_lx_series_laptop_hard_drive_mount.jpg',3,2,'2017-03-18 11:06:35',2,'2017-03-18 11:08:58',NULL),(161,17,'UCSI 139','3.5 MM STEREO TO 2 RCA AUDIO CABLE',0.00,0.00,NULL,'','X000A3310V','','',1,13,0,'product/2_3.5_mm_stereo_to_2_rca_audio_cable.jpg',3,2,'2017-03-18 11:13:21',NULL,NULL,NULL),(162,17,'UCSI 140','4 PORTS USB3.0 OTG HUB',0.00,0.00,NULL,'','X000B3FX6P','','',1,25,0,'product/2_4_ports_usb3.0_otg_hub.jpg',3,2,'2017-03-18 11:15:11',NULL,NULL,NULL),(163,17,'UCSI 141','USB2.0 100MBPS ETHERNET NETWORK ADAPTER',0.00,0.00,NULL,'','X000A3316P','','',1,19,0,'product/2_usb2.0_100mbps_ethernet_network_adapter.jpg',3,2,'2017-03-18 11:17:45',NULL,NULL,NULL),(164,17,'UCSI 142','',0.00,0.00,NULL,'','','','',1,0,0,'0',3,2,'2017-03-18 11:18:08',NULL,NULL,NULL),(165,17,'UCSI 143','USB2.0 TO DB9 ADAPTER CABLE',0.00,0.00,NULL,'','X000B56P83','','',1,24,0,'product/2_usb2.0_to_db9_adapter_cable.jpg',3,2,'2017-03-18 11:20:14',NULL,NULL,NULL),(166,17,'UCSI 144','USB2.0 SATA HARD DISK DRIVE CONVERTER WITH OTG FUNCTION',0.00,0.00,NULL,'','X000A33147','','',1,1,0,'product/2_usb2.0_sata_hard_disk_drive_converter_with_otg_function.jpg',3,2,'2017-03-18 11:22:22',NULL,NULL,NULL),(167,17,'UCSI 145','USB2.0 TO SATA',0.00,0.00,NULL,'','X000A330Z7','','',1,1,0,'product/2_usb2.0_to_sata.jpg',3,2,'2017-03-18 11:23:55',NULL,NULL,NULL),(168,17,'UCSI 146','MINI DISPLAYPORT TO VGA CONVERTER',0.00,0.00,NULL,'','X0009ZUTQJ','','',1,24,0,'product/2_mini_displayport_to_vga_converter.jpg',3,2,'2017-03-18 11:28:38',NULL,NULL,NULL),(169,17,'UCSI 147','3.5MM EXTENSION STREO AUX CABLE',0.00,0.00,NULL,'','X000A330X9','','',1,13,0,'product/2_3.5mm_extension_streo_aux_cable.jpg',3,2,'2017-03-18 11:31:12',NULL,NULL,NULL),(170,17,'UCSI 148','HDMI TO VGA CONVERTER WITH AUDIO',0.00,0.00,NULL,'','LPNHE046717913','','',1,24,0,'product/2_hdmi_to_vga_converter_with_audio.jpg',3,2,'2017-03-18 11:33:20',NULL,NULL,NULL),(171,17,'UCSI 149','MINI DISPLAYPORT TO HDMI,DVI&VGA CONVERTER',0.00,0.00,NULL,'','6957303814404','','',1,24,0,'product/2_mini_displayport_to_hdmi_dvivga_converter.jpg',3,2,'2017-03-18 11:33:31',2,'2017-03-18 11:36:44',NULL),(172,41,'UCSI 150','L127SS-V1  LAPTOP HARD DISK MOUNT',0.00,0.00,NULL,'','6954301126881','','',1,27,0,'product/2_l127ss_v1_laptop_hard_disk_mount.jpg',3,2,'2017-03-18 11:39:16',NULL,NULL,NULL),(173,42,'UCSI 151','WIRELESS STEREO SPEAKER',15.00,10.70,NULL,'','2112345678917','','',1,28,0,'product/2_wireless_stereo_speaker.jpg',1,2,'2017-03-18 11:45:43',2,'2017-03-24 03:18:42',NULL),(174,42,'UCSI 152','YMBS3500 WIRELESS SPEAKER',12.00,11.77,NULL,'','8885010515131','','',1,28,0,'0',1,2,'2017-03-18 11:56:10',2,'2017-03-24 03:18:42',NULL),(175,110,'UCSI 153','HUAWEI 3G  MOBILE WIFI',13.00,10.00,NULL,'','T4F7S16B04005301','','',1,19,0,'product/2_huawei_3g_mobile_wifi.jpg',1,2,'2017-03-18 12:01:34',2,'2017-03-24 03:24:44',NULL),(176,110,'UCSI 154','E303 USB STICK',14.00,12.00,NULL,'','E9P7SA9341201964','','',1,19,0,'product/2_e303_usb_stick.jpg',1,2,'2017-03-18 12:03:07',2,'2017-03-24 03:24:44',NULL),(177,22,'UCSI 155',' M5250 3G MOBILE WIFI ',20.00,15.00,NULL,'','5159016003539','','',1,19,0,'product/2_m5250_3g_mobile_wifi.jpg',1,2,'2017-03-18 12:08:14',2,'2017-03-24 03:24:44',NULL),(178,42,'UCSI 156','YSC-330W HD VIDEO RECORDING',0.00,0.00,NULL,'','8885010517081','','',1,22,0,'product/2_ysc_330w_hd_video_recording.jpg',3,2,'2017-03-18 12:29:53',2,'2017-03-18 12:34:08',NULL),(179,10,'UCSI 157','OFFICE HOME AND BUSINESS 2016',0.00,0.00,NULL,'','889842091557','','',1,29,0,'0',3,2,'2017-03-18 12:38:28',2,'2017-03-18 12:39:21',NULL),(180,10,'UCSI 158','HOME AND BUSINESS 2013',0.00,0.00,NULL,'','885370486315','','',1,29,0,'0',3,2,'2017-03-18 12:42:11',2,'2017-03-18 12:42:44',NULL),(181,42,'UCSI 159','YSC-320B SPORTS HD SUNGLASSES VIDEO RECORDER&UV400 POLARIZED LENS',0.00,0.00,NULL,'','8885010517050','','',1,22,0,'0',3,2,'2017-03-18 12:44:26',NULL,NULL,NULL),(182,42,'UCSI 160','YSC-320 HD SPORTS HD SUNGLASSES VIDEO RECORDER &UV400 POLORIZED LENS',0.00,0.00,NULL,'','8885010517067','','',1,22,0,'0',3,2,'2017-03-18 12:45:56',2,'2017-03-18 12:46:13',NULL),(183,30,'UCSI 161','TESTING',10.00,5.35,NULL,'','','','',1,21,0,'0',3,2,'2017-03-20 12:40:45',2,'2017-03-22 07:24:18',NULL),(184,15,'UCSI 162','ASPIRE 4736G',0.00,0.00,NULL,'','','4712847094444','',1,30,0,'0',1,2,'2017-03-23 12:18:40',NULL,NULL,NULL);
/*!40000 ALTER TABLE `uc_product` ENABLE KEYS */;
UNLOCK TABLES;

--
-- Table structure for table `uc_product_cost_logs`
--

DROP TABLE IF EXISTS `uc_product_cost_logs`;
/*!40101 SET @saved_cs_client     = @@character_set_client */;
/*!40101 SET character_set_client = utf8 */;
CREATE TABLE `uc_product_cost_logs` (
  `id` bigint(20) NOT NULL AUTO_INCREMENT,
  `product_id` bigint(20) DEFAULT NULL,
  `buying_price` decimal(20,2) DEFAULT NULL,
  `selling_price` decimal(20,2) DEFAULT NULL,
  `updated_from` varchar(250) NOT NULL,
  `created_on` timestamp NULL DEFAULT NULL,
  `created_by` bigint(20) DEFAULT NULL,
  `brn_id` bigint(20) DEFAULT NULL,
  `ip_address` varchar(50) DEFAULT NULL,
  PRIMARY KEY (`id`)
) ENGINE=InnoDB AUTO_INCREMENT=248 DEFAULT CHARSET=latin1;
/*!40101 SET character_set_client = @saved_cs_client */;

--
-- Dumping data for table `uc_product_cost_logs`
--

LOCK TABLES `uc_product_cost_logs` WRITE;
/*!40000 ALTER TABLE `uc_product_cost_logs` DISABLE KEYS */;
INSERT INTO `uc_product_cost_logs` VALUES (1,1,0.00,0.00,'From Product Master','2017-02-24 13:15:06',2,3,'122.11.133.28'),(2,2,96.00,139.00,'From Product Master','2017-02-24 13:17:29',2,3,'122.11.133.28'),(3,3,50.20,55.00,'From Product Master','2017-02-24 13:24:00',2,3,'122.11.133.28'),(4,4,0.00,0.00,'From Product Master','2017-02-25 08:16:21',2,1,'192.168.2.1'),(5,4,0.00,0.00,'From Product master','2017-02-25 08:16:37',2,1,'192.168.2.1'),(6,5,0.00,9.00,'From Product Master','2017-02-25 12:16:14',2,3,'122.11.133.28'),(7,6,0.00,16.00,'From Product Master','2017-02-25 12:17:53',2,3,'122.11.133.28'),(8,7,0.00,27.50,'From Product Master','2017-02-25 12:18:20',2,3,'122.11.133.28'),(9,8,0.00,11.50,'From Product Master','2017-02-25 12:19:52',2,3,'122.11.133.28'),(10,9,0.00,18.00,'From Product Master','2017-02-25 12:20:18',2,3,'122.11.133.28'),(11,10,0.00,33.00,'From Product Master','2017-02-25 12:21:01',2,3,'122.11.133.28'),(12,11,0.00,95.00,'From Product Master','2017-02-25 12:22:45',2,3,'122.11.133.28'),(13,12,0.00,45.00,'From Product Master','2017-02-25 12:23:07',2,3,'122.11.133.28'),(14,13,0.00,25.00,'From Product Master','2017-02-25 12:23:30',2,3,'122.11.133.28'),(15,14,0.00,139.00,'From Product Master','2017-02-25 12:25:09',2,3,'122.11.133.28'),(16,15,0.00,52.00,'From Product Master','2017-02-25 12:25:31',2,3,'122.11.133.28'),(17,16,0.00,43.00,'From Product Master','2017-02-25 12:27:28',2,3,'122.11.133.28'),(18,17,0.00,20.00,'From Product Master','2017-02-25 12:28:10',2,3,'122.11.133.28'),(19,18,0.00,85.00,'From Product Master','2017-02-25 12:30:55',2,3,'122.11.133.28'),(20,19,0.00,45.00,'From Product Master','2017-02-25 12:31:18',2,3,'122.11.133.28'),(21,20,36.00,39.00,'From Product Master','2017-02-25 12:39:10',2,3,'122.11.133.28'),(22,5,8.00,9.00,'From Goods Receive','2017-02-25 12:43:10',2,3,'122.11.133.28'),(23,6,15.00,16.00,'From Goods Receive','2017-02-25 12:43:10',2,3,'122.11.133.28'),(24,16,40.00,43.00,'From Goods Receive','2017-02-25 12:43:10',2,3,'122.11.133.28'),(25,8,9.00,11.50,'From Goods Receive','2017-02-25 12:56:25',2,3,'122.11.133.28'),(26,7,26.00,27.50,'From Goods Receive','2017-02-27 02:21:57',2,3,'118.200.248.197'),(27,21,0.00,0.00,'From Product Master','2017-03-01 07:29:41',2,3,'122.11.133.28'),(28,22,445.00,0.00,'From Product Master','2017-03-01 09:07:08',2,3,'122.11.133.28'),(29,23,0.00,0.00,'From Product Master','2017-03-02 04:20:32',8,3,'122.11.133.28'),(30,24,0.00,0.00,'From Product Master','2017-03-02 04:23:01',8,3,'122.11.133.28'),(31,25,0.00,0.00,'From Product Master','2017-03-02 04:23:22',8,3,'122.11.133.28'),(32,26,0.00,0.00,'From Product Master','2017-03-02 04:23:40',8,3,'122.11.133.28'),(33,27,0.00,0.00,'From Product Master','2017-03-02 04:24:01',8,3,'122.11.133.28'),(34,28,0.00,0.00,'From Product Master','2017-03-02 04:26:07',8,3,'122.11.133.28'),(35,29,0.00,0.00,'From Product Master','2017-03-02 04:26:38',8,3,'122.11.133.28'),(36,30,0.00,0.00,'From Product Master','2017-03-02 04:27:12',8,3,'122.11.133.28'),(37,31,0.00,0.00,'From Product Master','2017-03-02 04:27:28',8,3,'122.11.133.28'),(38,32,0.00,0.00,'From Product Master','2017-03-02 04:27:43',8,3,'122.11.133.28'),(39,33,0.00,0.00,'From Product Master','2017-03-02 04:27:58',8,3,'122.11.133.28'),(40,34,0.00,0.00,'From Product Master','2017-03-02 04:28:12',8,3,'122.11.133.28'),(41,35,0.00,0.00,'From Product Master','2017-03-02 04:30:22',8,3,'122.11.133.28'),(42,36,0.00,0.00,'From Product Master','2017-03-02 04:30:59',8,3,'122.11.133.28'),(43,37,0.00,0.00,'From Product Master','2017-03-02 04:31:14',8,3,'122.11.133.28'),(44,38,0.00,0.00,'From Product Master','2017-03-02 04:31:29',8,3,'122.11.133.28'),(45,39,0.00,0.00,'From Product Master','2017-03-02 04:31:49',8,3,'122.11.133.28'),(46,40,0.00,0.00,'From Product Master','2017-03-02 04:32:08',8,3,'122.11.133.28'),(47,41,0.00,0.00,'From Product Master','2017-03-02 04:32:25',8,3,'122.11.133.28'),(48,42,0.00,0.00,'From Product Master','2017-03-02 04:32:58',8,3,'122.11.133.28'),(49,43,0.00,0.00,'From Product Master','2017-03-02 04:33:24',8,3,'122.11.133.28'),(50,44,0.00,0.00,'From Product Master','2017-03-02 04:54:43',8,3,'122.11.133.28'),(51,45,0.00,0.00,'From Product Master','2017-03-02 04:55:03',8,3,'122.11.133.28'),(52,46,0.00,0.00,'From Product Master','2017-03-02 04:55:19',8,3,'122.11.133.28'),(53,47,0.00,0.00,'From Product Master','2017-03-02 04:55:33',8,3,'122.11.133.28'),(54,48,0.00,0.00,'From Product Master','2017-03-02 04:56:04',8,3,'122.11.133.28'),(55,49,0.00,0.00,'From Product Master','2017-03-02 04:56:18',8,3,'122.11.133.28'),(56,50,0.00,0.00,'From Product Master','2017-03-02 04:56:34',8,3,'122.11.133.28'),(57,51,0.00,0.00,'From Product Master','2017-03-02 04:56:48',8,3,'122.11.133.28'),(58,52,0.00,0.00,'From Product Master','2017-03-02 04:57:01',8,3,'122.11.133.28'),(59,53,0.00,0.00,'From Product Master','2017-03-02 04:57:16',8,3,'122.11.133.28'),(60,54,0.00,0.00,'From Product Master','2017-03-02 04:57:30',8,3,'122.11.133.28'),(61,55,0.00,0.00,'From Product Master','2017-03-02 04:57:45',8,3,'122.11.133.28'),(62,56,0.00,0.00,'From Product Master','2017-03-02 04:57:59',8,3,'122.11.133.28'),(63,57,0.00,0.00,'From Product Master','2017-03-02 04:58:13',8,3,'122.11.133.28'),(64,58,0.00,0.00,'From Product Master','2017-03-02 04:58:25',8,3,'122.11.133.28'),(65,59,0.00,0.00,'From Product Master','2017-03-02 04:58:37',8,3,'122.11.133.28'),(66,60,0.00,0.00,'From Product Master','2017-03-02 05:14:51',8,3,'122.11.133.28'),(67,61,0.00,0.00,'From Product Master','2017-03-02 05:15:05',8,3,'122.11.133.28'),(68,61,0.00,0.00,'From Product master','2017-03-03 13:00:03',2,3,'122.11.133.28'),(69,46,5.00,10.00,'From Invoice','2017-03-04 02:25:58',2,3,'122.11.133.28'),(70,62,0.00,0.00,'From Product Master','2017-03-04 02:48:21',2,3,'122.11.133.28'),(71,63,0.00,0.00,'From Product Master','2017-03-04 02:48:50',2,3,'122.11.133.28'),(72,64,0.00,0.00,'From Product Master','2017-03-04 02:49:10',2,3,'122.11.133.28'),(73,65,0.00,0.00,'From Product Master','2017-03-04 02:49:27',2,3,'122.11.133.28'),(74,66,0.00,0.00,'From Product Master','2017-03-04 02:51:09',2,3,'122.11.133.28'),(75,67,0.00,0.00,'From Product Master','2017-03-04 02:51:31',2,3,'122.11.133.28'),(76,68,0.00,0.00,'From Product Master','2017-03-04 02:51:53',2,3,'122.11.133.28'),(77,69,0.00,0.00,'From Product Master','2017-03-04 03:55:21',2,3,'122.11.133.28'),(78,70,0.00,0.00,'From Product Master','2017-03-04 03:55:39',2,3,'122.11.133.28'),(79,71,0.00,0.00,'From Product Master','2017-03-04 03:55:53',2,3,'122.11.133.28'),(80,72,0.00,0.00,'From Product Master','2017-03-04 03:56:07',2,3,'122.11.133.28'),(81,73,0.00,0.00,'From Product Master','2017-03-04 03:56:30',2,3,'122.11.133.28'),(82,74,0.00,0.00,'From Product Master','2017-03-04 03:56:42',2,3,'122.11.133.28'),(83,75,0.00,0.00,'From Product Master','2017-03-04 04:00:16',2,3,'122.11.133.28'),(84,76,0.00,0.00,'From Product Master','2017-03-04 04:00:48',2,3,'122.11.133.28'),(85,77,0.00,0.00,'From Product Master','2017-03-04 04:04:21',2,3,'122.11.133.28'),(86,78,0.00,0.00,'From Product Master','2017-03-04 04:08:17',2,3,'122.11.133.28'),(87,79,0.00,0.00,'From Product Master','2017-03-04 04:08:31',2,3,'122.11.133.28'),(88,80,0.00,0.00,'From Product Master','2017-03-04 04:08:45',2,3,'122.11.133.28'),(89,81,0.00,0.00,'From Product Master','2017-03-04 04:08:57',2,3,'122.11.133.28'),(90,82,0.00,0.00,'From Product Master','2017-03-04 04:09:58',2,3,'122.11.133.28'),(91,83,0.00,0.00,'From Product Master','2017-03-04 04:10:12',2,3,'122.11.133.28'),(92,84,0.00,0.00,'From Product Master','2017-03-04 04:10:27',2,3,'122.11.133.28'),(93,85,0.00,0.00,'From Product Master','2017-03-04 04:10:42',2,3,'122.11.133.28'),(94,86,0.00,0.00,'From Product Master','2017-03-04 04:10:55',2,3,'122.11.133.28'),(95,87,0.00,0.00,'From Product Master','2017-03-04 04:11:12',2,3,'122.11.133.28'),(96,88,0.00,0.00,'From Product Master','2017-03-04 04:20:52',2,3,'122.11.133.28'),(97,89,0.00,0.00,'From Product Master','2017-03-04 04:21:09',2,3,'122.11.133.28'),(98,90,0.00,0.00,'From Product Master','2017-03-04 04:21:24',2,3,'122.11.133.28'),(99,91,0.00,0.00,'From Product Master','2017-03-04 04:24:24',2,3,'122.11.133.28'),(100,92,0.00,0.00,'From Product Master','2017-03-04 06:32:06',2,3,'122.11.133.28'),(101,91,0.00,0.00,'From Product master','2017-03-04 06:46:16',2,3,'122.11.133.28'),(102,93,0.00,0.00,'From Product Master','2017-03-05 01:14:31',2,3,'122.11.133.28'),(103,94,0.00,0.00,'From Product Master','2017-03-05 01:15:54',2,3,'122.11.133.28'),(104,95,0.00,0.00,'From Product Master','2017-03-05 01:16:12',2,3,'122.11.133.28'),(105,96,0.00,0.00,'From Product Master','2017-03-05 01:16:29',2,3,'122.11.133.28'),(106,97,0.00,0.00,'From Product Master','2017-03-05 01:17:26',2,3,'122.11.133.28'),(107,98,0.00,0.00,'From Product Master','2017-03-05 01:20:13',2,3,'122.11.133.28'),(108,99,0.00,0.00,'From Product Master','2017-03-05 01:20:35',2,3,'122.11.133.28'),(109,100,0.00,0.00,'From Product Master','2017-03-05 01:20:50',2,3,'122.11.133.28'),(110,97,0.00,0.00,'From Product master','2017-03-05 01:21:29',2,3,'122.11.133.28'),(111,96,0.00,0.00,'From Product master','2017-03-05 01:21:57',2,3,'122.11.133.28'),(112,95,0.00,0.00,'From Product master','2017-03-05 01:22:13',2,3,'122.11.133.28'),(113,94,0.00,0.00,'From Product master','2017-03-05 01:22:30',2,3,'122.11.133.28'),(114,93,0.00,0.00,'From Product master','2017-03-05 01:22:49',2,3,'122.11.133.28'),(115,101,0.00,0.00,'From Product Master','2017-03-05 01:34:40',2,3,'122.11.133.28'),(116,102,0.00,0.00,'From Product Master','2017-03-05 01:34:54',2,3,'122.11.133.28'),(117,103,0.00,0.00,'From Product Master','2017-03-05 01:35:08',2,3,'122.11.133.28'),(118,104,0.00,0.00,'From Product Master','2017-03-05 01:35:24',2,3,'122.11.133.28'),(119,105,0.00,0.00,'From Product Master','2017-03-05 01:36:44',2,3,'122.11.133.28'),(120,106,0.00,0.00,'From Product Master','2017-03-05 01:37:05',2,3,'122.11.133.28'),(121,107,0.00,0.00,'From Product Master','2017-03-05 01:37:16',2,3,'122.11.133.28'),(122,108,0.00,0.00,'From Product Master','2017-03-05 01:37:33',2,3,'122.11.133.28'),(123,109,0.00,0.00,'From Product Master','2017-03-05 01:38:44',2,3,'122.11.133.28'),(124,110,0.00,0.00,'From Product Master','2017-03-05 01:39:04',2,3,'122.11.133.28'),(125,111,0.00,0.00,'From Product Master','2017-03-05 01:39:19',2,3,'122.11.133.28'),(126,112,0.00,0.00,'From Product Master','2017-03-05 01:40:02',2,3,'122.11.133.28'),(127,113,0.00,0.00,'From Product Master','2017-03-05 01:58:55',2,3,'122.11.133.28'),(128,114,0.00,0.00,'From Product Master','2017-03-05 01:59:37',2,3,'122.11.133.28'),(129,115,0.00,0.00,'From Product Master','2017-03-05 02:13:17',2,3,'122.11.133.28'),(130,116,0.00,0.00,'From Product Master','2017-03-05 02:13:33',2,3,'122.11.133.28'),(131,117,0.00,0.00,'From Product Master','2017-03-05 02:15:58',2,3,'122.11.133.28'),(132,118,0.00,0.00,'From Product Master','2017-03-05 02:16:13',2,3,'122.11.133.28'),(133,119,0.00,0.00,'From Product Master','2017-03-05 02:16:28',2,3,'122.11.133.28'),(134,120,0.00,0.00,'From Product Master','2017-03-05 02:16:57',2,3,'122.11.133.28'),(135,121,0.00,0.00,'From Product Master','2017-03-05 02:17:13',2,3,'122.11.133.28'),(136,122,0.00,0.00,'From Product Master','2017-03-05 02:17:28',2,3,'122.11.133.28'),(137,123,0.00,0.00,'From Product Master','2017-03-05 02:17:59',2,3,'122.11.133.28'),(138,124,0.00,0.00,'From Product Master','2017-03-05 02:18:16',2,3,'122.11.133.28'),(139,125,0.00,0.00,'From Product Master','2017-03-05 02:18:31',2,3,'122.11.133.28'),(140,21,10.00,139.00,'From Invoice','2017-03-14 01:04:33',2,3,'203.118.13.255'),(141,21,5.00,10.00,'From Invoice','2017-03-14 01:06:05',2,3,'203.118.13.255'),(142,21,10.00,12.00,'From Product master','2017-03-14 15:00:16',2,3,'203.118.13.255'),(143,21,0.00,12.00,'From Goods Receive','2017-03-14 15:01:16',2,3,'203.118.13.255'),(144,23,3.50,5.00,'From Purchase','2017-03-15 04:51:29',2,3,'203.118.13.255'),(145,21,8.00,12.00,'From Invoice','2017-03-17 11:21:17',2,3,'203.116.142.32'),(146,51,8.00,10.00,'From Invoice','2017-03-17 11:21:17',2,3,'203.116.142.32'),(147,126,0.00,0.00,'From Product Master','2017-03-17 11:26:36',2,3,'203.116.142.32'),(148,126,0.00,0.00,'From Product master','2017-03-17 11:33:44',2,3,'203.116.142.32'),(149,127,0.00,0.00,'From Product Master','2017-03-17 11:34:29',2,3,'203.116.142.32'),(150,127,0.00,0.00,'From Product master','2017-03-17 11:42:34',2,3,'203.116.142.32'),(151,128,0.00,0.00,'From Product Master','2017-03-17 11:43:57',2,3,'203.116.142.32'),(152,128,0.00,0.00,'From Product master','2017-03-17 11:45:47',2,3,'203.116.142.32'),(153,129,0.00,0.00,'From Product Master','2017-03-17 11:47:44',2,3,'203.116.142.32'),(154,130,0.00,0.00,'From Product Master','2017-03-17 11:50:23',2,3,'203.116.142.32'),(155,131,0.00,0.00,'From Product Master','2017-03-17 11:56:10',2,3,'203.116.142.32'),(156,132,0.00,0.00,'From Product Master','2017-03-17 11:59:54',2,3,'203.116.142.32'),(157,133,0.00,0.00,'From Product Master','2017-03-17 12:02:32',2,3,'203.116.142.32'),(158,134,0.00,0.00,'From Product Master','2017-03-17 12:07:11',2,3,'203.116.142.32'),(159,135,0.00,0.00,'From Product Master','2017-03-17 12:09:39',2,3,'203.116.142.32'),(160,136,0.00,0.00,'From Product Master','2017-03-17 12:11:25',2,3,'203.116.142.32'),(161,137,0.00,0.00,'From Product Master','2017-03-17 12:13:56',2,3,'203.116.142.32'),(162,138,0.00,0.00,'From Product Master','2017-03-17 12:17:53',2,3,'203.116.142.32'),(163,137,0.00,0.00,'From Product master','2017-03-17 12:18:33',2,3,'203.116.142.32'),(164,139,0.00,0.00,'From Product Master','2017-03-17 12:30:24',2,3,'203.116.142.32'),(165,140,0.00,0.00,'From Product Master','2017-03-17 12:32:50',2,3,'203.116.142.32'),(166,141,0.00,0.00,'From Product Master','2017-03-17 12:35:20',2,3,'203.116.142.32'),(167,142,0.00,0.00,'From Product Master','2017-03-17 12:39:29',2,3,'203.116.142.32'),(168,143,0.00,0.00,'From Product Master','2017-03-17 12:41:29',2,3,'203.116.142.32'),(169,144,0.00,0.00,'From Product Master','2017-03-17 12:45:17',2,3,'203.116.142.32'),(170,145,0.00,0.00,'From Product Master','2017-03-17 12:47:26',2,3,'203.116.142.32'),(171,146,0.00,0.00,'From Product Master','2017-03-17 12:50:39',2,3,'203.116.142.32'),(172,147,0.00,0.00,'From Product Master','2017-03-17 12:52:18',2,3,'203.116.142.32'),(173,148,0.00,0.00,'From Product Master','2017-03-17 12:53:53',2,3,'203.116.142.32'),(174,149,0.00,0.00,'From Product Master','2017-03-17 12:55:51',2,3,'203.116.142.32'),(175,150,0.00,0.00,'From Product Master','2017-03-17 12:59:01',2,3,'203.116.142.32'),(176,151,0.00,0.00,'From Product Master','2017-03-17 13:00:32',2,3,'203.116.142.32'),(177,139,0.00,0.00,'From Product master','2017-03-17 13:01:02',2,3,'203.116.142.32'),(178,139,0.00,0.00,'From Product master','2017-03-17 13:01:10',2,3,'203.116.142.32'),(179,152,0.00,0.00,'From Product Master','2017-03-17 13:10:53',2,3,'203.116.142.32'),(180,152,0.00,0.00,'From Product master','2017-03-17 13:13:18',2,3,'203.116.142.32'),(181,152,0.00,0.00,'From Product master','2017-03-17 13:13:31',2,3,'203.116.142.32'),(182,153,0.00,0.00,'From Product Master','2017-03-17 13:20:08',2,3,'203.116.142.32'),(183,153,0.00,0.00,'From Product master','2017-03-17 13:21:16',2,3,'203.116.142.32'),(184,153,0.00,0.00,'From Product master','2017-03-17 13:21:48',2,3,'203.116.142.32'),(185,154,0.00,0.00,'From Product Master','2017-03-17 13:23:38',2,3,'203.116.142.32'),(186,155,0.00,0.00,'From Product Master','2017-03-17 13:26:03',2,3,'203.116.142.32'),(187,156,0.00,0.00,'From Product Master','2017-03-18 02:44:22',2,3,'203.116.142.32'),(188,157,0.00,0.00,'From Product Master','2017-03-18 02:52:59',7,3,'192.168.2.1'),(189,127,10.00,20.00,'From Service','2017-03-18 10:56:43',2,1,'192.168.2.1'),(190,128,10.00,10.00,'From Service','2017-03-18 10:56:43',2,1,'192.168.2.1'),(191,3,107.80,120.00,'From Service','2017-03-18 10:56:43',2,1,'192.168.2.1'),(192,4,2.00,2.50,'From Service','2017-03-18 10:56:43',2,1,'192.168.2.1'),(193,1,107.80,120.00,'From Exchange Order','2017-03-18 11:00:02',2,1,'192.168.2.1'),(194,2,2.00,2.50,'From Exchange Order','2017-03-18 11:00:02',2,1,'192.168.2.1'),(195,158,0.00,0.00,'From Product Master','2017-03-18 11:03:32',2,3,'203.116.142.32'),(196,159,0.00,0.00,'From Product Master','2017-03-18 11:05:40',2,3,'203.116.142.32'),(197,159,0.00,0.00,'From Product master','2017-03-18 11:06:06',2,3,'203.116.142.32'),(198,160,0.00,0.00,'From Product Master','2017-03-18 11:06:35',2,3,'203.116.142.32'),(199,160,0.00,0.00,'From Product master','2017-03-18 11:08:46',2,3,'203.116.142.32'),(200,160,0.00,0.00,'From Product master','2017-03-18 11:08:58',2,3,'203.116.142.32'),(201,161,0.00,0.00,'From Product Master','2017-03-18 11:13:21',2,3,'203.116.142.32'),(202,162,0.00,0.00,'From Product Master','2017-03-18 11:15:11',2,3,'203.116.142.32'),(203,163,0.00,0.00,'From Product Master','2017-03-18 11:17:45',2,3,'203.116.142.32'),(204,164,0.00,0.00,'From Product Master','2017-03-18 11:18:08',2,3,'203.116.142.32'),(205,165,0.00,0.00,'From Product Master','2017-03-18 11:20:14',2,3,'203.116.142.32'),(206,166,0.00,0.00,'From Product Master','2017-03-18 11:22:22',2,3,'203.116.142.32'),(207,167,0.00,0.00,'From Product Master','2017-03-18 11:23:55',2,3,'203.116.142.32'),(208,168,0.00,0.00,'From Product Master','2017-03-18 11:28:39',2,3,'203.116.142.32'),(209,144,3.00,5.00,'From Purchase','2017-03-18 11:30:05',7,1,'192.168.2.1'),(210,153,2.00,4.00,'From Purchase','2017-03-18 11:30:05',7,1,'192.168.2.1'),(211,169,0.00,0.00,'From Product Master','2017-03-18 11:31:12',2,3,'203.116.142.32'),(212,170,0.00,0.00,'From Product Master','2017-03-18 11:33:20',2,3,'203.116.142.32'),(213,171,0.00,0.00,'From Product Master','2017-03-18 11:33:31',2,3,'203.116.142.32'),(214,144,3.21,5.00,'From Goods Receive','2017-03-18 11:35:13',7,1,'192.168.2.1'),(215,153,2.14,4.00,'From Goods Receive','2017-03-18 11:35:13',7,1,'192.168.2.1'),(216,171,0.00,0.00,'From Product master','2017-03-18 11:36:34',2,3,'203.116.142.32'),(217,171,0.00,0.00,'From Product master','2017-03-18 11:36:44',2,3,'203.116.142.32'),(218,153,2.00,4.00,'From Purchase','2017-03-18 11:37:00',7,1,'192.168.2.1'),(219,144,3.00,5.00,'From Purchase','2017-03-18 11:37:00',7,1,'192.168.2.1'),(220,172,0.00,0.00,'From Product Master','2017-03-18 11:39:16',2,3,'203.116.142.32'),(221,173,0.00,0.00,'From Product Master','2017-03-18 11:45:43',2,3,'203.116.142.32'),(222,174,0.00,0.00,'From Product Master','2017-03-18 11:56:10',2,3,'203.116.142.32'),(223,175,0.00,0.00,'From Product Master','2017-03-18 12:01:34',2,3,'203.116.142.32'),(224,176,0.00,0.00,'From Product Master','2017-03-18 12:03:07',2,3,'203.116.142.32'),(225,177,0.00,0.00,'From Product Master','2017-03-18 12:08:14',2,3,'203.116.142.32'),(226,178,0.00,0.00,'From Product Master','2017-03-18 12:29:53',2,3,'203.116.142.32'),(227,179,0.00,0.00,'From Product Master','2017-03-18 12:38:28',2,3,'203.116.142.32'),(228,180,0.00,0.00,'From Product Master','2017-03-18 12:42:11',2,3,'203.116.142.32'),(229,181,0.00,0.00,'From Product Master','2017-03-18 12:44:26',2,3,'203.116.142.32'),(230,182,0.00,0.00,'From Product Master','2017-03-18 12:45:56',2,3,'203.116.142.32'),(231,156,10.00,10.00,'From Item Price Update','2017-03-19 11:39:19',2,3,'203.116.142.32'),(232,156,10.00,12.00,'From Item Price Update','2017-03-19 11:40:11',2,3,'203.116.142.32'),(233,21,0.00,12.00,'From Invoice','2017-03-19 11:59:28',2,3,'203.116.142.32'),(234,129,5.00,23.00,'From Service','2017-03-20 04:40:27',2,1,'118.200.248.197'),(235,183,5.00,10.00,'From Product Master','2017-03-20 12:40:45',2,3,'203.116.142.32'),(236,183,5.35,10.00,'From Goods Receive','2017-03-22 07:24:18',2,3,'203.116.142.32'),(237,184,0.00,0.00,'From Product Master','2017-03-23 12:18:40',2,1,'203.116.142.32'),(238,173,10.00,15.00,'From Product master','2017-03-24 03:02:48',2,1,'192.168.2.1'),(239,174,11.00,12.00,'From Product master','2017-03-24 03:03:22',2,1,'192.168.2.1'),(240,175,10.00,13.00,'From Product master','2017-03-24 03:03:45',2,1,'192.168.2.1'),(241,176,12.00,14.00,'From Product master','2017-03-24 03:04:26',2,1,'192.168.2.1'),(242,177,8.00,10.00,'From Product master','2017-03-24 03:05:02',2,1,'192.168.2.1'),(243,173,10.70,15.00,'From Goods Receive','2017-03-24 03:18:42',2,1,'192.168.2.1'),(244,174,11.77,12.00,'From Goods Receive','2017-03-24 03:18:42',2,1,'192.168.2.1'),(245,177,15.00,20.00,'From Goods Receive','2017-03-24 03:24:44',2,1,'192.168.2.1'),(246,4,45.00,50.00,'From Exchange Order','2017-03-24 04:19:02',2,1,'192.168.2.1'),(247,10,45.00,50.00,'From Service','2017-03-24 04:23:52',2,1,'192.168.2.1');
/*!40000 ALTER TABLE `uc_product_cost_logs` ENABLE KEYS */;
UNLOCK TABLES;

--
-- Table structure for table `uc_purchase_order_items`
--

DROP TABLE IF EXISTS `uc_purchase_order_items`;
/*!40101 SET @saved_cs_client     = @@character_set_client */;
/*!40101 SET character_set_client = utf8 */;
CREATE TABLE `uc_purchase_order_items` (
  `id` bigint(20) NOT NULL AUTO_INCREMENT,
  `po_id` bigint(20) DEFAULT NULL,
  `category_id` bigint(20) DEFAULT NULL,
  `product_id` bigint(20) DEFAULT NULL,
  `product_description` text NOT NULL,
  `price` decimal(10,2) DEFAULT NULL,
  `unit_cost` decimal(10,2) NOT NULL,
  `quantity` int(3) DEFAULT NULL,
  `total` decimal(10,2) DEFAULT NULL,
  `status` int(1) DEFAULT NULL COMMENT '1-Active',
  `branch_id` bigint(20) DEFAULT NULL,
  `created_by` bigint(20) DEFAULT NULL,
  `created_on` timestamp NULL DEFAULT NULL,
  `updated_by` bigint(20) DEFAULT NULL,
  `updated_on` timestamp NULL DEFAULT NULL,
  PRIMARY KEY (`id`),
  KEY `created_by` (`created_by`),
  KEY `updated_by` (`updated_by`),
  KEY `branch_id` (`branch_id`)
) ENGINE=InnoDB AUTO_INCREMENT=8 DEFAULT CHARSET=latin1;
/*!40101 SET character_set_client = @saved_cs_client */;

--
-- Dumping data for table `uc_purchase_order_items`
--

LOCK TABLES `uc_purchase_order_items` WRITE;
/*!40000 ALTER TABLE `uc_purchase_order_items` DISABLE KEYS */;
INSERT INTO `uc_purchase_order_items` VALUES (1,1,0,144,'ORICO 1105SS 3.5 \" HDD BRACKET',5.00,3.00,1,5.00,1,1,7,'2017-03-18 11:37:00',NULL,NULL),(2,1,0,153,'ORICO 2139C3-PU 2.5\" TRANSPARENT SATA TYPE C ENCLOSURE',4.00,2.00,10,40.00,1,1,7,'2017-03-18 11:37:00',NULL,NULL),(3,2,NULL,173,'YASHICA WIRELESS STEREO SPEAKER',15.00,10.00,11,165.00,1,1,2,'2017-03-24 03:07:59',NULL,NULL),(4,2,NULL,174,'YASHICA YMBS3500 WIRELESS SPEAKER',12.00,11.00,12,144.00,1,1,2,'2017-03-24 03:07:59',NULL,NULL),(5,3,NULL,175,'HUAWEI HUAWEI 3G  MOBILE WIFI',13.00,10.00,13,169.00,1,1,2,'2017-03-24 03:12:35',NULL,NULL),(6,3,NULL,176,'HUAWEI E303 USB STICK',14.00,12.00,14,196.00,1,1,2,'2017-03-24 03:12:35',NULL,NULL),(7,3,NULL,177,'TP-LINK  M5250 3G MOBILE WIFI ',10.00,8.00,15,150.00,1,1,2,'2017-03-24 03:12:35',NULL,NULL);
/*!40000 ALTER TABLE `uc_purchase_order_items` ENABLE KEYS */;
UNLOCK TABLES;

--
-- Table structure for table `uc_purchase_orders`
--

DROP TABLE IF EXISTS `uc_purchase_orders`;
/*!40101 SET @saved_cs_client     = @@character_set_client */;
/*!40101 SET character_set_client = utf8 */;
CREATE TABLE `uc_purchase_orders` (
  `id` bigint(20) NOT NULL AUTO_INCREMENT,
  `po_no` varchar(50) DEFAULT NULL,
  `sup_id` bigint(20) DEFAULT NULL,
  `brn_id` bigint(20) DEFAULT NULL,
  `po_date` timestamp NULL DEFAULT NULL,
  `po_sub_total` decimal(20,2) DEFAULT NULL,
  `po_discount` decimal(10,2) DEFAULT NULL,
  `po_discount_type` int(1) DEFAULT NULL,
  `po_total_discount` decimal(20,2) DEFAULT NULL,
  `po_total_with_discount` decimal(20,2) DEFAULT NULL,
  `gst_type` bigint(20) DEFAULT NULL COMMENT '1-Yes,2-No',
  `gst_val` decimal(20,2) DEFAULT NULL,
  `gst_total` decimal(20,2) DEFAULT NULL,
  `po_net_amount` decimal(20,2) DEFAULT NULL,
  `po_remarks` longtext,
  `po_status` int(11) DEFAULT NULL COMMENT '1-Active, 2-Inactive, 3-Completed, 10-Deleted',
  `pr_status` int(2) NOT NULL DEFAULT '1' COMMENT '1-New,2-Partially Received,3-Received',
  `payment_status` int(2) NOT NULL DEFAULT '1' COMMENT '1-Not Paid, 2-Partially Paid, 3-Paid, 10-Deleted',
  `created_by` int(11) DEFAULT NULL,
  `created_on` timestamp NULL DEFAULT NULL,
  `updated_by` bigint(20) DEFAULT NULL,
  `updated_on` timestamp NULL DEFAULT NULL,
  `branch_id` bigint(20) DEFAULT NULL,
  `ip_address` varchar(100) DEFAULT NULL,
  PRIMARY KEY (`id`)
) ENGINE=InnoDB AUTO_INCREMENT=4 DEFAULT CHARSET=latin1;
/*!40101 SET character_set_client = @saved_cs_client */;

--
-- Dumping data for table `uc_purchase_orders`
--

LOCK TABLES `uc_purchase_orders` WRITE;
/*!40000 ALTER TABLE `uc_purchase_orders` DISABLE KEYS */;
INSERT INTO `uc_purchase_orders` VALUES (1,'PO_001',2,1,'2017-03-17 16:00:00',45.00,0.00,1,0.00,45.00,2,7.00,3.15,48.15,'',1,1,1,7,'2017-03-18 11:37:00',NULL,NULL,1,'192.168.2.1'),(2,'PO_002',4,1,'2017-03-23 16:00:00',309.00,0.00,1,0.00,309.00,2,7.00,21.63,330.63,'0',1,1,1,2,'2017-03-24 03:07:58',NULL,NULL,1,'192.168.2.1'),(3,'PO_003',4,1,'2017-03-23 16:00:00',515.00,0.00,1,0.00,515.00,2,7.00,36.05,551.05,'0',1,1,1,2,'2017-03-24 03:12:35',NULL,NULL,1,'192.168.2.1');
/*!40000 ALTER TABLE `uc_purchase_orders` ENABLE KEYS */;
UNLOCK TABLES;

--
-- Table structure for table `uc_purchase_payments`
--

DROP TABLE IF EXISTS `uc_purchase_payments`;
/*!40101 SET @saved_cs_client     = @@character_set_client */;
/*!40101 SET character_set_client = utf8 */;
CREATE TABLE `uc_purchase_payments` (
  `id` bigint(20) NOT NULL AUTO_INCREMENT,
  `precv_id` bigint(20) DEFAULT NULL,
  `po_id` bigint(20) DEFAULT NULL,
  `pay_no` varchar(50) DEFAULT NULL,
  `pay_amt` decimal(20,2) DEFAULT NULL,
  `pay_date` timestamp NULL DEFAULT NULL,
  `pay_pay_type` int(11) DEFAULT '1' COMMENT '1-Cash, 2-Cheque, 3-DD, 4-Net banking',
  `pay_pay_no` varchar(50) DEFAULT NULL,
  `pay_pay_bank` varchar(100) DEFAULT NULL,
  `pay_pay_date` timestamp NULL DEFAULT NULL,
  `pay_dd_no` varchar(50) DEFAULT NULL,
  `pay_dd_date` timestamp NULL DEFAULT NULL,
  `payment_status` int(2) NOT NULL DEFAULT '1' COMMENT '1-Not Paid, 2-Partially Paid, 3-Paid 10-Deleted',
  `status` int(2) NOT NULL DEFAULT '1' COMMENT '1-Active, 2-Inactive, 10-Delete',
  `bank_acc_id` bigint(20) DEFAULT NULL,
  `created_by` bigint(20) DEFAULT NULL,
  `created_on` timestamp NULL DEFAULT NULL,
  `updated_by` bigint(20) DEFAULT NULL,
  `updated_on` timestamp NULL DEFAULT NULL,
  `brn_id` bigint(20) DEFAULT NULL,
  `ip_address` varchar(100) NOT NULL,
  PRIMARY KEY (`id`)
) ENGINE=InnoDB AUTO_INCREMENT=3 DEFAULT CHARSET=latin1;
/*!40101 SET character_set_client = @saved_cs_client */;

--
-- Dumping data for table `uc_purchase_payments`
--

LOCK TABLES `uc_purchase_payments` WRITE;
/*!40000 ALTER TABLE `uc_purchase_payments` DISABLE KEYS */;
INSERT INTO `uc_purchase_payments` VALUES (1,1,NULL,NULL,5.35,'2017-03-17 16:00:00',1,'','',NULL,'',NULL,1,10,1,7,'2017-03-18 11:36:10',7,'2017-03-18 11:39:03',1,'192.168.2.1'),(2,1,NULL,NULL,34.24,'2017-03-17 16:00:00',1,'','',NULL,'',NULL,1,1,1,7,'2017-03-18 11:39:27',NULL,NULL,1,'192.168.2.1');
/*!40000 ALTER TABLE `uc_purchase_payments` ENABLE KEYS */;
UNLOCK TABLES;

--
-- Table structure for table `uc_purchase_receive`
--

DROP TABLE IF EXISTS `uc_purchase_receive`;
/*!40101 SET @saved_cs_client     = @@character_set_client */;
/*!40101 SET character_set_client = utf8 */;
CREATE TABLE `uc_purchase_receive` (
  `id` int(11) NOT NULL AUTO_INCREMENT,
  `po_id` bigint(20) DEFAULT NULL,
  `brn_id` bigint(20) DEFAULT NULL,
  `pr_code` varchar(20) DEFAULT NULL,
  `pr_date` timestamp NULL DEFAULT NULL,
  `sup_id` bigint(20) DEFAULT NULL,
  `supplier_invoice_no` varchar(120) DEFAULT NULL,
  `invoice_date` timestamp NULL DEFAULT NULL,
  `pr_your_info` longtext NOT NULL,
  `pr_sub_total` decimal(10,2) DEFAULT NULL,
  `pr_discount` decimal(10,2) DEFAULT NULL,
  `pr_discount_type` int(1) DEFAULT NULL,
  `pr_total_discount` decimal(10,2) DEFAULT NULL,
  `pr_gst_type` int(11) DEFAULT NULL COMMENT '1-Yes,2-No',
  `pr_gst_val` decimal(10,0) DEFAULT NULL,
  `pr_gst_amount` decimal(10,2) DEFAULT NULL,
  `pr_net_amount` decimal(10,2) DEFAULT NULL,
  `credit_notes` int(1) NOT NULL COMMENT '0-No, 1-Yes',
  `credit_amount` decimal(10,2) NOT NULL,
  `pr_remarks` text,
  `pr_status` int(11) DEFAULT NULL COMMENT '1-Active, 2-Inactive, 10-Deleted',
  `received_status` int(1) NOT NULL DEFAULT '0' COMMENT '1-Yes,0-No',
  `payment_status` int(2) NOT NULL DEFAULT '1' COMMENT '1-Not Paid, 2-Partially Paid, 3-Paid',
  `pr_last_grn` int(1) NOT NULL COMMENT '1-yes',
  `reason` longtext NOT NULL,
  `created_by` bigint(20) DEFAULT NULL,
  `created_on` timestamp NULL DEFAULT NULL,
  `updated_by` bigint(20) DEFAULT NULL,
  `updated_on` timestamp NULL DEFAULT NULL,
  `branch_id` bigint(20) DEFAULT NULL,
  `ip_address` varchar(50) DEFAULT NULL,
  PRIMARY KEY (`id`)
) ENGINE=InnoDB AUTO_INCREMENT=5 DEFAULT CHARSET=latin1;
/*!40101 SET character_set_client = @saved_cs_client */;

--
-- Dumping data for table `uc_purchase_receive`
--

LOCK TABLES `uc_purchase_receive` WRITE;
/*!40000 ALTER TABLE `uc_purchase_receive` DISABLE KEYS */;
INSERT INTO `uc_purchase_receive` VALUES (1,NULL,1,'GRN_001','2017-03-17 16:00:00',2,'2244','2017-03-17 16:00:00','REFULGENCE - TESTING',32.00,0.00,1,0.00,2,7,2.24,34.24,0,0.00,NULL,1,1,3,0,'',7,'2017-03-18 11:35:13',7,'2017-03-18 11:39:27',1,'192.168.2.1'),(2,NULL,NULL,'GRN_002','2017-03-21 16:00:00',2,'100001','2017-03-21 16:00:00','',5.00,0.00,1,0.00,2,7,0.35,5.35,0,0.00,NULL,1,1,1,0,'',2,'2017-03-22 07:24:18',NULL,NULL,3,'203.116.142.32'),(3,NULL,NULL,'GRN_003','2017-03-23 16:00:00',4,'1001','2017-03-23 16:00:00','INFO',240.90,0.00,1,0.00,2,7,16.86,257.76,0,0.00,NULL,1,1,1,0,'',2,'2017-03-24 03:18:42',NULL,NULL,1,'192.168.2.1'),(4,NULL,NULL,'GRN_004','2017-03-23 16:00:00',1,'1002','2017-03-23 16:00:00','XYZ',518.50,0.00,1,0.00,1,7,0.00,518.50,0,0.00,NULL,1,1,1,0,'',2,'2017-03-24 03:24:44',NULL,NULL,1,'192.168.2.1');
/*!40000 ALTER TABLE `uc_purchase_receive` ENABLE KEYS */;
UNLOCK TABLES;

--
-- Table structure for table `uc_purchase_receive_items`
--

DROP TABLE IF EXISTS `uc_purchase_receive_items`;
/*!40101 SET @saved_cs_client     = @@character_set_client */;
/*!40101 SET character_set_client = utf8 */;
CREATE TABLE `uc_purchase_receive_items` (
  `id` bigint(20) NOT NULL AUTO_INCREMENT,
  `pr_id` bigint(20) NOT NULL,
  `category_id` bigint(20) NOT NULL,
  `product_id` bigint(20) NOT NULL,
  `product_description` text NOT NULL,
  `sl_no` varchar(200) DEFAULT NULL,
  `pr_price` decimal(20,2) NOT NULL,
  `pr_price_after_gst` decimal(20,2) DEFAULT NULL,
  `pr_unit_cost` decimal(20,2) NOT NULL,
  `discount` float NOT NULL DEFAULT '0',
  `discount_percentage` float NOT NULL,
  `discount_type` int(1) NOT NULL COMMENT '0-$,1-%',
  `po_quantity` float NOT NULL,
  `pr_quantity` float NOT NULL,
  `total` decimal(20,2) NOT NULL,
  `status` int(1) NOT NULL COMMENT '1-Active,10-Deleted',
  `branch_id` bigint(20) NOT NULL,
  `created_by` bigint(20) NOT NULL,
  `created_on` timestamp NOT NULL DEFAULT CURRENT_TIMESTAMP ON UPDATE CURRENT_TIMESTAMP,
  `updated_by` bigint(20) NOT NULL,
  `updated_on` timestamp NOT NULL DEFAULT '0000-00-00 00:00:00',
  PRIMARY KEY (`id`)
) ENGINE=InnoDB AUTO_INCREMENT=9 DEFAULT CHARSET=latin1;
/*!40101 SET character_set_client = @saved_cs_client */;

--
-- Dumping data for table `uc_purchase_receive_items`
--

LOCK TABLES `uc_purchase_receive_items` WRITE;
/*!40000 ALTER TABLE `uc_purchase_receive_items` DISABLE KEYS */;
INSERT INTO `uc_purchase_receive_items` VALUES (1,1,41,144,'ORICO 1105SS 3.5 ','',5.00,0.00,3.00,0,0,1,0,10,30.00,1,1,7,'2017-03-18 14:08:01',7,'2017-03-18 11:38:01'),(2,1,41,153,'ORICO 2139C3-PU 2.5','',4.00,NULL,2.00,0,0,1,0,1,2.00,1,1,7,'2017-03-18 14:08:01',7,'2017-03-18 11:38:01'),(3,2,30,183,'A4TECH TESTING','',10.00,5.35,5.00,0,0,1,0,1,5.00,1,3,2,'2017-03-22 07:24:18',0,'0000-00-00 00:00:00'),(4,3,42,173,'YASHICA WIRELESS STEREO SPEAKER','101',15.00,10.70,10.00,1.1,1,1,0,11,108.90,1,1,2,'2017-03-24 03:18:42',0,'0000-00-00 00:00:00'),(5,3,42,174,'YASHICA YMBS3500 WIRELESS SPEAKER','102',12.00,11.77,11.00,0,0,1,0,12,132.00,1,1,2,'2017-03-24 03:18:42',0,'0000-00-00 00:00:00'),(6,4,110,175,'HUAWEI HUAWEI 3G  MOBILE WIFI','103',13.00,10.00,10.00,0,0,1,0,13,130.00,1,1,2,'2017-03-24 03:24:44',0,'0000-00-00 00:00:00'),(7,4,110,176,'HUAWEI E303 USB STICK','104',14.00,12.00,12.00,0,0,1,0,14,168.00,1,1,2,'2017-03-24 03:24:44',0,'0000-00-00 00:00:00'),(8,4,22,177,'TP-LINK  M5250 3G MOBILE WIFI','105',20.00,15.00,15.00,4.5,2,1,0,15,220.50,1,1,2,'2017-03-24 03:24:44',0,'0000-00-00 00:00:00');
/*!40000 ALTER TABLE `uc_purchase_receive_items` ENABLE KEYS */;
UNLOCK TABLES;

--
-- Table structure for table `uc_purchase_return`
--

DROP TABLE IF EXISTS `uc_purchase_return`;
/*!40101 SET @saved_cs_client     = @@character_set_client */;
/*!40101 SET character_set_client = utf8 */;
CREATE TABLE `uc_purchase_return` (
  `id` bigint(20) NOT NULL AUTO_INCREMENT,
  `po_id` bigint(20) DEFAULT NULL,
  `precv_id` bigint(20) DEFAULT NULL,
  `branch_id` bigint(20) DEFAULT NULL,
  `por_no` varchar(50) DEFAULT NULL,
  `return_date` timestamp NULL DEFAULT NULL,
  `po_ret_remarks` longtext,
  `status` int(11) DEFAULT NULL COMMENT '1-Active,2-Inactive,10-Deleted',
  `created_by` bigint(20) DEFAULT NULL,
  `created_on` timestamp NULL DEFAULT NULL,
  `updated_by` bigint(20) DEFAULT NULL,
  `updated_on` timestamp NULL DEFAULT NULL,
  `brn_id` bigint(20) DEFAULT NULL,
  `ip_address` varchar(50) DEFAULT NULL,
  PRIMARY KEY (`id`)
) ENGINE=InnoDB AUTO_INCREMENT=2 DEFAULT CHARSET=latin1;
/*!40101 SET character_set_client = @saved_cs_client */;

--
-- Dumping data for table `uc_purchase_return`
--

LOCK TABLES `uc_purchase_return` WRITE;
/*!40000 ALTER TABLE `uc_purchase_return` DISABLE KEYS */;
INSERT INTO `uc_purchase_return` VALUES (1,NULL,1,1,'PORET_001','2017-03-17 16:00:00','',0,7,'2017-03-18 11:39:53',NULL,NULL,1,'192.168.2.1');
/*!40000 ALTER TABLE `uc_purchase_return` ENABLE KEYS */;
UNLOCK TABLES;

--
-- Table structure for table `uc_purchase_return_items`
--

DROP TABLE IF EXISTS `uc_purchase_return_items`;
/*!40101 SET @saved_cs_client     = @@character_set_client */;
/*!40101 SET character_set_client = utf8 */;
CREATE TABLE `uc_purchase_return_items` (
  `id` int(11) NOT NULL AUTO_INCREMENT,
  `po_ret_id` bigint(20) DEFAULT NULL,
  `product_id` bigint(20) DEFAULT NULL,
  `category_id` bigint(20) DEFAULT NULL,
  `product_description` text NOT NULL,
  `por_quantity` float DEFAULT NULL,
  `received_quantity` float DEFAULT NULL,
  `returned_quantity` float DEFAULT NULL,
  `status` int(11) DEFAULT '1' COMMENT '1-Active,2-Inactive,10-Deleted',
  `created_by` bigint(20) DEFAULT NULL,
  `created_on` timestamp NULL DEFAULT NULL,
  `updated_by` bigint(20) DEFAULT NULL,
  `updated_on` timestamp NULL DEFAULT NULL,
  `brn_id` bigint(20) DEFAULT NULL,
  `ip_address` varchar(50) NOT NULL,
  PRIMARY KEY (`id`)
) ENGINE=InnoDB AUTO_INCREMENT=3 DEFAULT CHARSET=latin1;
/*!40101 SET character_set_client = @saved_cs_client */;

--
-- Dumping data for table `uc_purchase_return_items`
--

LOCK TABLES `uc_purchase_return_items` WRITE;
/*!40000 ALTER TABLE `uc_purchase_return_items` DISABLE KEYS */;
INSERT INTO `uc_purchase_return_items` VALUES (1,1,144,41,'ORICO 1105SS 3.5 \" HDD BRACKET',10,10,2,1,7,'2017-03-18 11:39:53',NULL,NULL,1,'192.168.2.1'),(2,1,153,41,'ORICO 2139C3-PU 2.5\" TRANSPARENT SATA TYPE C ENCLOSURE',1,1,1,1,7,'2017-03-18 11:39:53',NULL,NULL,1,'192.168.2.1');
/*!40000 ALTER TABLE `uc_purchase_return_items` ENABLE KEYS */;
UNLOCK TABLES;

--
-- Table structure for table `uc_purchase_with_purchase`
--

DROP TABLE IF EXISTS `uc_purchase_with_purchase`;
/*!40101 SET @saved_cs_client     = @@character_set_client */;
/*!40101 SET character_set_client = utf8 */;
CREATE TABLE `uc_purchase_with_purchase` (
  `id` bigint(20) NOT NULL AUTO_INCREMENT,
  `item_id` int(11) DEFAULT NULL,
  `from_date` timestamp NULL DEFAULT NULL,
  `to_date` timestamp NULL DEFAULT NULL,
  `remarks` text,
  `status` int(1) DEFAULT NULL COMMENT '1-Active, 2-In-Active, 10-Deleted',
  `created_on` timestamp NULL DEFAULT NULL,
  `created_by` bigint(20) DEFAULT NULL,
  `updated_on` timestamp NULL DEFAULT NULL,
  `updated_by` bigint(20) DEFAULT NULL,
  PRIMARY KEY (`id`),
  KEY `item_id` (`item_id`),
  KEY `created_by` (`created_by`),
  KEY `updated_by` (`updated_by`),
  CONSTRAINT `uc_purchase_with_purchase_ibfk_1` FOREIGN KEY (`item_id`) REFERENCES `uc_product` (`id`),
  CONSTRAINT `uc_purchase_with_purchase_ibfk_2` FOREIGN KEY (`created_by`) REFERENCES `uc_users` (`id`),
  CONSTRAINT `uc_purchase_with_purchase_ibfk_3` FOREIGN KEY (`updated_by`) REFERENCES `uc_users` (`id`)
) ENGINE=InnoDB AUTO_INCREMENT=2 DEFAULT CHARSET=utf8;
/*!40101 SET character_set_client = @saved_cs_client */;

--
-- Dumping data for table `uc_purchase_with_purchase`
--

LOCK TABLES `uc_purchase_with_purchase` WRITE;
/*!40000 ALTER TABLE `uc_purchase_with_purchase` DISABLE KEYS */;
INSERT INTO `uc_purchase_with_purchase` VALUES (1,144,'2017-03-17 16:00:00',NULL,'REFULGENCE - TESTING',1,'2017-03-18 10:51:32',7,'2017-03-18 10:52:31',7);
/*!40000 ALTER TABLE `uc_purchase_with_purchase` ENABLE KEYS */;
UNLOCK TABLES;

--
-- Table structure for table `uc_purchase_with_purchase_items`
--

DROP TABLE IF EXISTS `uc_purchase_with_purchase_items`;
/*!40101 SET @saved_cs_client     = @@character_set_client */;
/*!40101 SET character_set_client = utf8 */;
CREATE TABLE `uc_purchase_with_purchase_items` (
  `id` bigint(20) NOT NULL AUTO_INCREMENT,
  `pwp_id` bigint(20) DEFAULT NULL,
  `offer_item_id` int(11) DEFAULT NULL,
  `selling_price` decimal(10,2) DEFAULT NULL,
  `offer_price` decimal(10,2) DEFAULT NULL,
  `status` int(1) DEFAULT NULL COMMENT '1-Active, 2-In-Active, 10-Deleted',
  `created_on` timestamp NULL DEFAULT NULL,
  `created_by` bigint(20) DEFAULT NULL,
  `updated_on` timestamp NULL DEFAULT NULL,
  `updated_by` bigint(20) DEFAULT NULL,
  PRIMARY KEY (`id`),
  KEY `pwp_id` (`pwp_id`),
  KEY `offer_item_id` (`offer_item_id`),
  KEY `created_by` (`created_by`),
  KEY `updated_by` (`updated_by`),
  CONSTRAINT `uc_purchase_with_purchase_items_ibfk_1` FOREIGN KEY (`pwp_id`) REFERENCES `uc_purchase_with_purchase` (`id`),
  CONSTRAINT `uc_purchase_with_purchase_items_ibfk_2` FOREIGN KEY (`offer_item_id`) REFERENCES `uc_product` (`id`),
  CONSTRAINT `uc_purchase_with_purchase_items_ibfk_3` FOREIGN KEY (`created_by`) REFERENCES `uc_users` (`id`),
  CONSTRAINT `uc_purchase_with_purchase_items_ibfk_4` FOREIGN KEY (`updated_by`) REFERENCES `uc_users` (`id`)
) ENGINE=InnoDB AUTO_INCREMENT=2 DEFAULT CHARSET=utf8;
/*!40101 SET character_set_client = @saved_cs_client */;

--
-- Dumping data for table `uc_purchase_with_purchase_items`
--

LOCK TABLES `uc_purchase_with_purchase_items` WRITE;
/*!40000 ALTER TABLE `uc_purchase_with_purchase_items` DISABLE KEYS */;
INSERT INTO `uc_purchase_with_purchase_items` VALUES (1,1,144,0.00,50.00,1,'2017-03-18 10:51:32',7,'2017-03-18 10:52:31',7);
/*!40000 ALTER TABLE `uc_purchase_with_purchase_items` ENABLE KEYS */;
UNLOCK TABLES;

--
-- Table structure for table `uc_quotation`
--

DROP TABLE IF EXISTS `uc_quotation`;
/*!40101 SET @saved_cs_client     = @@character_set_client */;
/*!40101 SET character_set_client = utf8 */;
CREATE TABLE `uc_quotation` (
  `id` bigint(20) NOT NULL AUTO_INCREMENT,
  `quo_no` varchar(250) NOT NULL,
  `quo_type` int(1) NOT NULL DEFAULT '1' COMMENT '1-Regular,2-Cash',
  `customer_id` bigint(20) DEFAULT NULL,
  `customer_name` varchar(250) NOT NULL,
  `shipping_address` bigint(20) DEFAULT NULL,
  `so_date` timestamp NULL DEFAULT NULL,
  `do_date` timestamp NULL DEFAULT NULL,
  `leave_date` int(1) NOT NULL DEFAULT '0' COMMENT '0-Do not Leave, 1-Leave blank',
  `inv_created` int(1) NOT NULL DEFAULT '0' COMMENT '0-Not created, 1-Invoice created',
  `status` int(1) DEFAULT NULL COMMENT '1-New, 2-Partially Delivered, 3-Delivered, 10-Deleted',
  `payment_status` int(1) DEFAULT '2' COMMENT '1-Paid, 2- UnPaid, 3-Cancelled',
  `sub_total` decimal(10,2) DEFAULT NULL,
  `discount` decimal(10,2) NOT NULL,
  `discount_type` int(1) NOT NULL COMMENT '1-Percentage, 0-Amount',
  `discount_amount` decimal(10,2) NOT NULL,
  `gst` int(1) DEFAULT NULL COMMENT '1-Inclusive GST, 2-Exclude GST',
  `gst_amount` decimal(10,2) NOT NULL,
  `gst_percentage` int(2) DEFAULT NULL,
  `total_amt` decimal(10,2) DEFAULT NULL,
  `payment_terms` text NOT NULL,
  `your_reference` text,
  `remarks` text NOT NULL,
  `branch_id` bigint(20) DEFAULT NULL,
  `created_by` bigint(20) DEFAULT NULL,
  `created_on` timestamp NULL DEFAULT NULL,
  `updated_by` bigint(20) DEFAULT NULL,
  `updated_on` timestamp NULL DEFAULT NULL,
  PRIMARY KEY (`id`),
  KEY `customer_id` (`customer_id`),
  KEY `created_by` (`created_by`),
  KEY `updated_by` (`updated_by`),
  KEY `branch_id` (`branch_id`)
) ENGINE=InnoDB AUTO_INCREMENT=4 DEFAULT CHARSET=latin1;
/*!40101 SET character_set_client = @saved_cs_client */;

--
-- Dumping data for table `uc_quotation`
--

LOCK TABLES `uc_quotation` WRITE;
/*!40000 ALTER TABLE `uc_quotation` DISABLE KEYS */;
INSERT INTO `uc_quotation` VALUES (1,'UCS-SERVICE-05-06-_Q 00001',1,1,'',1,'2017-03-17 16:00:00',NULL,0,0,1,2,9.00,0.00,1,0.00,NULL,0.00,NULL,9.00,'','REFULGENCE INC PVT LTD','',1,7,'2017-03-18 11:55:16',NULL,NULL),(2,'UCS-SERVICE-05-06_Q 00001',1,2,'',2,'2017-03-22 16:00:00',NULL,0,0,1,2,100.00,0.00,1,0.00,NULL,0.00,NULL,100.00,'','','',1,2,'2017-03-23 12:21:37',2,'2017-03-23 12:31:34'),(3,'UCS-SERVICE-05-06_Q 00002',1,1,'',1,'2017-03-23 16:00:00',NULL,0,0,1,2,93.00,0.00,1,0.00,NULL,0.00,NULL,93.00,'','XYZ','',1,2,'2017-03-24 03:30:53',NULL,NULL);
/*!40000 ALTER TABLE `uc_quotation` ENABLE KEYS */;
UNLOCK TABLES;

--
-- Table structure for table `uc_quotation_email_sent`
--

DROP TABLE IF EXISTS `uc_quotation_email_sent`;
/*!40101 SET @saved_cs_client     = @@character_set_client */;
/*!40101 SET character_set_client = utf8 */;
CREATE TABLE `uc_quotation_email_sent` (
  `id` bigint(20) NOT NULL AUTO_INCREMENT,
  `quotation_id` bigint(20) DEFAULT NULL,
  `created_on` timestamp NULL DEFAULT NULL,
  `created_by` bigint(20) DEFAULT NULL,
  PRIMARY KEY (`id`),
  KEY `quotation_id` (`quotation_id`),
  KEY `created_by` (`created_by`),
  CONSTRAINT `uc_quotation_email_sent_ibfk_1` FOREIGN KEY (`quotation_id`) REFERENCES `uc_quotation` (`id`),
  CONSTRAINT `uc_quotation_email_sent_ibfk_2` FOREIGN KEY (`created_by`) REFERENCES `uc_users` (`id`)
) ENGINE=InnoDB DEFAULT CHARSET=utf8;
/*!40101 SET character_set_client = @saved_cs_client */;

--
-- Dumping data for table `uc_quotation_email_sent`
--

LOCK TABLES `uc_quotation_email_sent` WRITE;
/*!40000 ALTER TABLE `uc_quotation_email_sent` DISABLE KEYS */;
/*!40000 ALTER TABLE `uc_quotation_email_sent` ENABLE KEYS */;
UNLOCK TABLES;

--
-- Table structure for table `uc_quotation_item`
--

DROP TABLE IF EXISTS `uc_quotation_item`;
/*!40101 SET @saved_cs_client     = @@character_set_client */;
/*!40101 SET character_set_client = utf8 */;
CREATE TABLE `uc_quotation_item` (
  `id` bigint(20) NOT NULL AUTO_INCREMENT,
  `quo_id` bigint(20) DEFAULT NULL,
  `category_id` bigint(20) DEFAULT NULL,
  `item_id` bigint(20) DEFAULT NULL,
  `product_description` text NOT NULL,
  `price` decimal(10,2) DEFAULT NULL,
  `unit_cost` decimal(10,2) NOT NULL,
  `quantity` int(3) DEFAULT NULL,
  `discount` decimal(10,2) DEFAULT NULL,
  `discount_type` int(1) NOT NULL COMMENT '1- Percentage, 0- Amount',
  `discount_amount` decimal(10,2) NOT NULL,
  `total` decimal(10,2) DEFAULT NULL,
  `item_profit` decimal(10,2) DEFAULT NULL,
  `status` int(1) DEFAULT NULL COMMENT '1-Active',
  `branch_id` bigint(20) DEFAULT NULL,
  `created_by` bigint(20) DEFAULT NULL,
  `created_on` timestamp NULL DEFAULT NULL,
  `updated_by` bigint(20) DEFAULT NULL,
  `updated_on` timestamp NULL DEFAULT NULL,
  PRIMARY KEY (`id`),
  KEY `created_by` (`created_by`),
  KEY `updated_by` (`updated_by`),
  KEY `branch_id` (`branch_id`)
) ENGINE=InnoDB AUTO_INCREMENT=6 DEFAULT CHARSET=latin1;
/*!40101 SET character_set_client = @saved_cs_client */;

--
-- Dumping data for table `uc_quotation_item`
--

LOCK TABLES `uc_quotation_item` WRITE;
/*!40000 ALTER TABLE `uc_quotation_item` DISABLE KEYS */;
INSERT INTO `uc_quotation_item` VALUES (1,1,41,153,'ORICO 2139C3-PU 2.5\" TRANSPARENT SATA TYPE C ENCLOSURE',4.00,2.00,1,NULL,0,0.00,4.00,2.00,1,1,7,'2017-03-18 11:55:16',NULL,NULL),(2,1,41,144,'ORICO 1105SS 3.5 \" HDD BRACKET',5.00,3.00,1,NULL,0,0.00,5.00,2.00,1,1,7,'2017-03-18 11:55:16',NULL,NULL),(3,2,15,184,'ACER ASPIRE 4736G',100.00,0.00,1,NULL,0,0.00,100.00,100.00,1,1,2,'2017-03-23 12:21:37',2,'2017-03-23 12:31:34'),(4,3,42,173,'YASHICA WIRELESS STEREO SPEAKER',15.00,10.70,3,NULL,0,0.00,45.00,12.90,1,1,2,'2017-03-24 03:30:53',NULL,NULL),(5,3,42,174,'YASHICA YMBS3500 WIRELESS SPEAKER',12.00,11.77,4,NULL,0,0.00,48.00,0.92,1,1,2,'2017-03-24 03:30:53',NULL,NULL);
/*!40000 ALTER TABLE `uc_quotation_item` ENABLE KEYS */;
UNLOCK TABLES;

--
-- Table structure for table `uc_sales_order`
--

DROP TABLE IF EXISTS `uc_sales_order`;
/*!40101 SET @saved_cs_client     = @@character_set_client */;
/*!40101 SET character_set_client = utf8 */;
CREATE TABLE `uc_sales_order` (
  `id` bigint(20) NOT NULL AUTO_INCREMENT,
  `so_no` varchar(250) NOT NULL,
  `quotation_id` bigint(20) DEFAULT NULL,
  `exchange_order_id` text,
  `service_id` bigint(20) DEFAULT NULL,
  `invoice_from` int(11) NOT NULL DEFAULT '1' COMMENT '1-invoice, 2-Quotation, 3-ExchangeOrder,4-Service',
  `so_type` int(1) NOT NULL DEFAULT '1' COMMENT '1-Regular,2-Cash',
  `customer_id` bigint(20) DEFAULT NULL,
  `customer_name` varchar(250) NOT NULL,
  `shipping_address` bigint(20) DEFAULT NULL,
  `so_date` timestamp NULL DEFAULT NULL,
  `do_date` timestamp NULL DEFAULT NULL,
  `leave_date` int(1) NOT NULL DEFAULT '0' COMMENT '0-Do not Leave, 1-Leave blank',
  `status` int(1) DEFAULT NULL COMMENT '1-New, 2-Partially Delivered, 3-Delivered, 10-Deleted',
  `payment_status` int(1) DEFAULT '2' COMMENT '1-Paid, 2- UnPaid, 3-Cancelled',
  `payment_group_type` int(11) DEFAULT NULL,
  `sub_total` decimal(10,2) DEFAULT NULL,
  `discount` decimal(10,2) NOT NULL,
  `discount_type` int(1) NOT NULL COMMENT '1-Percentage, 0-Amount',
  `discount_amount` decimal(10,2) NOT NULL,
  `gst` int(1) DEFAULT NULL COMMENT '1-Inclusive GST, 2-Exclude GST',
  `gst_amount` decimal(10,2) NOT NULL,
  `gst_percentage` int(2) DEFAULT NULL,
  `total_amt` decimal(10,2) DEFAULT NULL,
  `payment_terms` text NOT NULL,
  `your_reference` text,
  `remarks` text NOT NULL,
  `branch_id` bigint(20) DEFAULT NULL,
  `created_by` bigint(20) DEFAULT NULL,
  `created_on` timestamp NULL DEFAULT NULL,
  `updated_by` bigint(20) DEFAULT NULL,
  `updated_on` timestamp NULL DEFAULT NULL,
  PRIMARY KEY (`id`),
  KEY `customer_id` (`customer_id`),
  KEY `created_by` (`created_by`),
  KEY `updated_by` (`updated_by`),
  KEY `branch_id` (`branch_id`),
  KEY `quotation_id` (`quotation_id`),
  CONSTRAINT `uc_sales_order_ibfk_1` FOREIGN KEY (`quotation_id`) REFERENCES `uc_quotation` (`id`)
) ENGINE=InnoDB AUTO_INCREMENT=15 DEFAULT CHARSET=latin1;
/*!40101 SET character_set_client = @saved_cs_client */;

--
-- Dumping data for table `uc_sales_order`
--

LOCK TABLES `uc_sales_order` WRITE;
/*!40000 ALTER TABLE `uc_sales_order` DISABLE KEYS */;
INSERT INTO `uc_sales_order` VALUES (1,'UCS-SERVICE-05-06 000001',NULL,NULL,1,4,2,NULL,'TESTING',NULL,'2017-03-17 16:00:00',NULL,0,1,1,1,812.50,0.00,0,0.00,1,53.15,7,812.50,'','REF','REFULGENCE,\r\nINDIA',1,2,'2017-03-18 10:56:43',2,'2017-03-18 10:56:43'),(2,'UCS-SERVICE-05-06 000002',NULL,'1',NULL,3,2,NULL,'TEST CUST',NULL,'2017-03-17 16:00:00',NULL,0,1,1,1,242.50,0.00,1,0.00,1,15.86,7,242.50,'','TESTING','REF',1,2,'2017-03-18 11:00:02',2,'2017-03-18 11:00:02'),(3,'UCS-SERVICE-05-06 000003',1,NULL,NULL,2,1,1,'',1,'2017-03-17 16:00:00',NULL,0,1,1,1,9.00,0.00,1,0.00,1,0.59,7,9.00,'','','',1,7,'2017-03-18 11:59:17',7,'2017-03-18 11:59:17'),(4,'UCS-SALES-05-54 000001',NULL,NULL,NULL,1,2,NULL,'Cash',NULL,'2017-03-06 16:00:00',NULL,0,1,2,NULL,12.00,0.00,0,0.00,1,0.79,7,12.00,'','SA','',3,2,'2017-03-19 11:59:28',NULL,NULL),(5,'UCS-SALES-05-54 000002',NULL,NULL,NULL,1,2,NULL,'Cash',NULL,'2017-03-18 16:00:00',NULL,0,1,1,1,0.00,0.00,0,0.00,1,0.00,7,0.00,'','','',3,2,'2017-03-19 12:01:03',2,'2017-03-19 12:01:03'),(6,'UCS-SALES-05-54 000003',NULL,NULL,NULL,1,2,NULL,'Cash',NULL,'2017-03-18 16:00:00',NULL,0,1,2,NULL,0.00,0.00,0,0.00,1,0.00,7,0.00,'','','',3,2,'2017-03-19 12:28:54',NULL,NULL),(7,'UCS-SERVICE-05-06 000004',NULL,NULL,1,4,2,NULL,'Cash Customer',NULL,'2017-03-19 16:00:00',NULL,0,1,1,1,835.50,0.00,0,0.00,1,54.66,7,835.50,'','','',1,2,'2017-03-20 04:40:27',2,'2017-03-20 04:40:28'),(8,'UCS-SERVICE-05-06 000005',NULL,NULL,1,4,2,NULL,'Cash Customer',NULL,'2017-03-19 16:00:00',NULL,0,1,1,1,835.50,0.00,0,0.00,1,54.66,7,835.50,'','','',1,2,'2017-03-20 04:41:50',2,'2017-03-20 04:41:51'),(9,'UCS-SALES-05-54 000004',NULL,NULL,NULL,1,2,NULL,'Cash Customer',NULL,'2017-03-21 16:00:00',NULL,0,1,1,1,10.00,0.00,0,0.00,1,0.65,7,10.00,'','','',3,2,'2017-03-22 07:28:46',2,'2017-03-22 07:28:46'),(10,'UCS-SERVICE-05-06 000006',NULL,NULL,NULL,1,1,1,'',1,'2017-03-23 16:00:00',NULL,0,1,1,0,55.00,0.00,0,0.00,1,3.60,7,55.00,'','CUST REF','REF',1,2,'2017-03-24 04:12:20',2,'2017-03-24 04:12:20'),(11,'UCS-SERVICE-05-06 000007',NULL,'3',NULL,3,1,1,'',1,'2017-03-23 16:00:00',NULL,0,1,1,0,111.00,0.00,0,0.00,1,7.26,7,111.00,'','XYZ','',1,2,'2017-03-24 04:19:02',2,'2017-03-24 04:19:02'),(12,'UCS-SERVICE-05-06 000008',NULL,NULL,3,4,1,2,'',NULL,'2017-03-23 16:00:00',NULL,0,1,1,1,265.00,0.00,0,0.00,1,17.34,7,265.00,'','YYYZZZ','TRT',1,2,'2017-03-24 04:23:52',2,'2017-03-24 04:23:52'),(13,'UCS-SERVICE-05-06 000009',3,NULL,NULL,2,1,1,'',1,'2017-03-23 16:00:00',NULL,0,1,1,1,66.00,0.00,1,0.00,1,4.32,7,66.00,'','ABC','WELL',1,2,'2017-03-24 04:40:40',2,'2017-03-24 04:40:40'),(14,'UCS-SERVICE-05-06 000010',NULL,NULL,NULL,1,1,1,'',1,'2017-03-23 16:00:00',NULL,0,1,1,0,727.00,0.00,0,0.00,1,47.56,7,727.00,'','TST','TST',1,2,'2017-03-24 10:53:23',2,'2017-03-24 10:53:24');
/*!40000 ALTER TABLE `uc_sales_order` ENABLE KEYS */;
UNLOCK TABLES;

--
-- Table structure for table `uc_sales_order_item`
--

DROP TABLE IF EXISTS `uc_sales_order_item`;
/*!40101 SET @saved_cs_client     = @@character_set_client */;
/*!40101 SET character_set_client = utf8 */;
CREATE TABLE `uc_sales_order_item` (
  `id` bigint(20) NOT NULL AUTO_INCREMENT,
  `so_id` bigint(20) DEFAULT NULL,
  `exc_form_type` int(11) NOT NULL COMMENT '1- ExchangeOrder, 2- Inventory',
  `service_form_type` int(11) NOT NULL COMMENT '1- ExchangeOrder, 2- Inventory, 3-Service Cost',
  `category_id` bigint(20) DEFAULT NULL,
  `item_id` bigint(20) DEFAULT NULL,
  `so_item_codetxt` text,
  `product_description` text NOT NULL,
  `price` decimal(10,2) DEFAULT NULL,
  `unit_cost` decimal(10,2) NOT NULL,
  `quantity` int(3) DEFAULT NULL,
  `discount` decimal(10,2) DEFAULT NULL,
  `discount_type` int(1) NOT NULL COMMENT '1- Percentage, 0- Amount',
  `discount_amount` decimal(10,2) NOT NULL,
  `total` decimal(10,2) DEFAULT NULL,
  `item_profit` decimal(10,2) DEFAULT NULL,
  `status` int(1) DEFAULT NULL COMMENT '1-Active',
  `branch_id` bigint(20) DEFAULT NULL,
  `created_by` bigint(20) DEFAULT NULL,
  `created_on` timestamp NULL DEFAULT NULL,
  `updated_by` bigint(20) DEFAULT NULL,
  `updated_on` timestamp NULL DEFAULT NULL,
  PRIMARY KEY (`id`),
  KEY `created_by` (`created_by`),
  KEY `updated_by` (`updated_by`),
  KEY `branch_id` (`branch_id`)
) ENGINE=InnoDB AUTO_INCREMENT=45 DEFAULT CHARSET=latin1;
/*!40101 SET character_set_client = @saved_cs_client */;

--
-- Dumping data for table `uc_sales_order_item`
--

LOCK TABLES `uc_sales_order_item` WRITE;
/*!40000 ALTER TABLE `uc_sales_order_item` DISABLE KEYS */;
INSERT INTO `uc_sales_order_item` VALUES (1,1,0,2,41,5,NULL,'ORICO 2139U3 TRANSPARENT 2.5 ',20.00,10.00,2,NULL,0,0.00,40.00,20.00,1,1,2,'2017-03-18 10:56:43',NULL,NULL),(2,1,0,2,41,6,NULL,'ORICO 2189U3 2.5\" SATA USB3.O HDD ENCLOSURE',10.00,10.00,3,NULL,0,0.00,30.00,0.00,1,1,2,'2017-03-18 10:56:43',NULL,NULL),(3,1,0,1,NULL,3,NULL,'HARD DISK 1TB',120.00,107.80,2,NULL,0,0.00,240.00,24.40,1,1,2,'2017-03-18 10:56:43',NULL,NULL),(4,1,0,1,NULL,4,NULL,'PENDRIVE 8GB',2.50,2.00,1,NULL,0,0.00,2.50,0.50,1,1,2,'2017-03-18 10:56:43',NULL,NULL),(5,1,0,3,NULL,1,NULL,'REFULGENCE TESTING',NULL,0.00,NULL,NULL,0,0.00,200.00,0.00,1,1,2,'2017-03-18 10:56:43',NULL,NULL),(6,1,0,3,NULL,2,NULL,'TESTING',NULL,0.00,NULL,NULL,0,0.00,300.00,0.00,1,1,2,'2017-03-18 10:56:43',NULL,NULL),(7,2,0,0,0,1,NULL,'HARD DISK 1TB',120.00,107.80,2,NULL,0,0.00,240.00,24.40,1,1,2,'2017-03-18 11:00:02',NULL,NULL),(8,2,0,0,0,2,NULL,'PENDRIVE 8GB',2.50,2.00,1,NULL,0,0.00,2.50,0.50,1,1,2,'2017-03-18 11:00:02',NULL,NULL),(9,3,0,0,41,153,NULL,'ORICO 2139C3-PU 2.5\" TRANSPARENT SATA TYPE C ENCLOSURE',4.00,2.00,1,NULL,0,0.00,4.00,2.00,1,1,7,'2017-03-18 11:59:17',NULL,NULL),(10,3,0,0,41,144,NULL,'ORICO 1105SS 3.5 \" HDD BRACKET',5.00,3.00,1,NULL,0,0.00,5.00,2.00,1,1,7,'2017-03-18 11:59:17',NULL,NULL),(11,4,0,0,13,21,NULL,'SANDISK ULTRA CF 50MB/S 8GB',12.00,0.00,1,NULL,0,0.00,12.00,12.00,1,3,2,'2017-03-19 11:59:28',NULL,NULL),(12,5,0,0,0,25,NULL,'HDMI CABLE V1.4 1.5M',0.00,0.00,1,NULL,0,0.00,0.00,0.00,1,3,2,'2017-03-19 12:01:03',NULL,NULL),(13,5,0,0,0,26,NULL,'HDMI CABLE V1.4 2M',0.00,0.00,1,NULL,0,0.00,0.00,0.00,1,3,2,'2017-03-19 12:01:03',NULL,NULL),(14,6,0,0,0,34,NULL,'HDMI CABLE V1.4 30M',0.00,0.00,1,NULL,0,0.00,0.00,0.00,1,3,2,'2017-03-19 12:28:54',NULL,NULL),(15,7,0,2,41,5,NULL,'ORICO 2139U3 TRANSPARENT 2.5 ',20.00,10.00,2,NULL,0,0.00,40.00,20.00,1,1,2,'2017-03-20 04:40:27',NULL,NULL),(16,7,0,2,41,6,NULL,'ORICO 2189U3 2.5',10.00,10.00,3,NULL,0,0.00,30.00,0.00,1,1,2,'2017-03-20 04:40:27',NULL,NULL),(17,7,0,2,41,7,NULL,'ORICO 2538C3 2.5',23.00,5.00,1,NULL,0,0.00,23.00,18.00,1,1,2,'2017-03-20 04:40:27',NULL,NULL),(18,7,0,1,NULL,3,NULL,'HARD DISK 1TB',120.00,107.80,2,NULL,0,0.00,240.00,24.40,1,1,2,'2017-03-20 04:40:28',NULL,NULL),(19,7,0,1,NULL,4,NULL,'PENDRIVE 8GB',2.50,2.00,1,NULL,0,0.00,2.50,0.50,1,1,2,'2017-03-20 04:40:28',NULL,NULL),(20,7,0,3,NULL,1,NULL,'REFULGENCE TESTING',NULL,0.00,NULL,NULL,0,0.00,200.00,0.00,1,1,2,'2017-03-20 04:40:28',NULL,NULL),(21,7,0,3,NULL,2,NULL,'TESTING',NULL,0.00,NULL,NULL,0,0.00,300.00,0.00,1,1,2,'2017-03-20 04:40:28',NULL,NULL),(22,8,0,2,41,5,NULL,'ORICO 2139U3 TRANSPARENT 2.5 ',20.00,10.00,2,NULL,0,0.00,40.00,20.00,1,1,2,'2017-03-20 04:41:50',NULL,NULL),(23,8,0,2,41,6,NULL,'ORICO 2189U3 2.5',10.00,10.00,3,NULL,0,0.00,30.00,0.00,1,1,2,'2017-03-20 04:41:50',NULL,NULL),(24,8,0,2,41,7,NULL,'ORICO 2538C3 2.5',23.00,5.00,1,NULL,0,0.00,23.00,18.00,1,1,2,'2017-03-20 04:41:50',NULL,NULL),(25,8,0,1,NULL,3,NULL,'HARD DISK 1TB',120.00,107.80,2,NULL,0,0.00,240.00,24.40,1,1,2,'2017-03-20 04:41:50',NULL,NULL),(26,8,0,1,NULL,4,NULL,'PENDRIVE 8GB',2.50,2.00,1,NULL,0,0.00,2.50,0.50,1,1,2,'2017-03-20 04:41:51',NULL,NULL),(27,8,0,3,NULL,1,NULL,'REFULGENCE TESTING',NULL,0.00,NULL,NULL,0,0.00,200.00,0.00,1,1,2,'2017-03-20 04:41:51',NULL,NULL),(28,8,0,3,NULL,2,NULL,'TESTING',NULL,0.00,NULL,NULL,0,0.00,300.00,0.00,1,1,2,'2017-03-20 04:41:51',NULL,NULL),(29,9,0,0,30,183,NULL,'A4TECH TESTING',10.00,5.35,1,NULL,0,0.00,10.00,4.65,1,3,2,'2017-03-22 07:28:46',NULL,NULL),(30,10,0,0,22,177,'UCSI 155','TP-LINK  M5250 3G MOBILE WIFI',20.00,15.00,2,NULL,0,0.00,40.00,10.00,1,1,2,'2017-03-24 04:12:20',NULL,NULL),(31,10,0,0,42,173,'UCSI 151','YASHICA WIRELESS STEREO SPEAKER',15.00,10.70,1,NULL,0,0.00,15.00,4.30,1,1,2,'2017-03-24 04:12:20',NULL,NULL),(32,11,2,0,42,174,'UCSI 152','YASHICA YMBS3500 WIRELESS SPEAKER',12.00,11.77,4,NULL,0,0.00,48.00,0.92,1,1,2,'2017-03-24 04:19:02',NULL,NULL),(33,11,2,0,110,175,'UCSI 153','HUAWEI HUAWEI 3G  MOBILE WIFI',13.00,10.00,1,NULL,0,0.00,13.00,3.00,1,1,2,'2017-03-24 04:19:02',NULL,NULL),(34,11,1,0,NULL,4,'HAMMER','UNISEX FROG FACE HAMMER PLUSH TOY ONLINE INDIA',50.00,45.00,1,NULL,0,0.00,50.00,5.00,1,1,2,'2017-03-24 04:19:02',NULL,NULL),(35,12,0,2,110,11,'UCSI 153','HUAWEI HUAWEI 3G  MOBILE WIFI',13.00,10.00,5,NULL,0,0.00,65.00,15.00,1,1,2,'2017-03-24 04:23:52',NULL,NULL),(36,12,0,1,NULL,10,'HAMMER','UNISEX FROG FACE HAMMER PLUSH TOY ONLINE INDIA',50.00,45.00,2,NULL,0,0.00,100.00,10.00,1,1,2,'2017-03-24 04:23:52',NULL,NULL),(37,12,0,3,NULL,9,NULL,'TESTING',NULL,0.00,NULL,NULL,0,0.00,100.00,0.00,1,1,2,'2017-03-24 04:23:52',NULL,NULL),(38,13,0,0,42,173,'UCSI 151','YASHICA WIRELESS STEREO SPEAKER',15.00,10.70,2,NULL,0,0.00,30.00,8.60,1,1,2,'2017-03-24 04:40:40',NULL,NULL),(39,13,0,0,42,174,'UCSI 152','YASHICA YMBS3500 WIRELESS SPEAKER',12.00,11.77,3,NULL,0,0.00,36.00,0.69,1,1,2,'2017-03-24 04:40:40',NULL,NULL),(40,14,0,0,42,173,'UCSI 151','YASHICA WIRELESS STEREO SPEAKER',15.00,10.70,8,NULL,0,0.00,120.00,34.40,1,1,2,'2017-03-24 10:53:23',NULL,NULL),(41,14,0,0,42,174,'UCSI 152','YASHICA YMBS3500 WIRELESS SPEAKER',12.00,11.77,5,NULL,0,0.00,60.00,1.15,1,1,2,'2017-03-24 10:53:23',NULL,NULL),(42,14,0,0,110,175,'UCSI 153','HUAWEI HUAWEI 3G  MOBILE WIFI',13.00,10.00,7,NULL,0,0.00,91.00,21.00,1,1,2,'2017-03-24 10:53:23',NULL,NULL),(43,14,0,0,110,176,'UCSI 154','HUAWEI E303 USB STICK',14.00,12.00,14,NULL,0,0.00,196.00,28.00,1,1,2,'2017-03-24 10:53:23',NULL,NULL),(44,14,0,0,22,177,'UCSI 155','TP-LINK  M5250 3G MOBILE WIFI',20.00,15.00,13,NULL,0,0.00,260.00,65.00,1,1,2,'2017-03-24 10:53:24',NULL,NULL);
/*!40000 ALTER TABLE `uc_sales_order_item` ENABLE KEYS */;
UNLOCK TABLES;

--
-- Table structure for table `uc_sales_payment`
--

DROP TABLE IF EXISTS `uc_sales_payment`;
/*!40101 SET @saved_cs_client     = @@character_set_client */;
/*!40101 SET character_set_client = utf8 */;
CREATE TABLE `uc_sales_payment` (
  `id` bigint(20) NOT NULL AUTO_INCREMENT,
  `so_id` bigint(20) DEFAULT NULL,
  `pay_no` varchar(50) DEFAULT NULL,
  `pay_amt` decimal(20,2) DEFAULT NULL,
  `pay_date` timestamp NULL DEFAULT NULL,
  `pay_pay_type` bigint(20) DEFAULT NULL,
  `pay_pay_no` varchar(50) DEFAULT NULL,
  `pay_pay_bank` varchar(100) DEFAULT NULL,
  `pay_pay_date` timestamp NULL DEFAULT NULL,
  `pay_dd_no` int(50) DEFAULT NULL,
  `pay_dd_date` timestamp NULL DEFAULT NULL,
  `payment_status` int(2) DEFAULT NULL COMMENT '1-Paid, 2-Unpaid, 3-Cancelled',
  `status` int(11) DEFAULT NULL,
  `bank_acc_id` bigint(20) DEFAULT NULL,
  `created_by` bigint(20) DEFAULT NULL,
  `created_on` timestamp NULL DEFAULT NULL,
  `updated_by` bigint(20) DEFAULT NULL,
  `updated_on` timestamp NULL DEFAULT NULL,
  `brn_id` bigint(20) DEFAULT NULL,
  `ip_address` varchar(100) DEFAULT NULL,
  PRIMARY KEY (`id`)
) ENGINE=InnoDB AUTO_INCREMENT=13 DEFAULT CHARSET=latin1;
/*!40101 SET character_set_client = @saved_cs_client */;

--
-- Dumping data for table `uc_sales_payment`
--

LOCK TABLES `uc_sales_payment` WRITE;
/*!40000 ALTER TABLE `uc_sales_payment` DISABLE KEYS */;
INSERT INTO `uc_sales_payment` VALUES (1,1,'INV_PAY_001',812.50,'2017-03-17 16:00:00',1,'','',NULL,0,NULL,1,1,1,2,'2017-03-18 10:56:43',NULL,NULL,1,'192.168.2.1'),(2,2,'INV_PAY_002',242.50,'2017-03-17 16:00:00',1,'','',NULL,0,NULL,1,1,1,2,'2017-03-18 11:00:02',NULL,NULL,1,'192.168.2.1'),(3,3,'INV_PAY_003',9.00,'2017-03-17 16:00:00',1,'','',NULL,0,NULL,1,1,1,7,'2017-03-18 11:59:17',NULL,NULL,1,'192.168.2.1'),(4,5,'INV_PAY_004',0.00,'2017-03-18 16:00:00',1,'','',NULL,0,NULL,1,1,1,2,'2017-03-19 12:01:03',NULL,NULL,3,'203.116.142.32'),(5,7,'INV_PAY_005',835.50,'2017-03-19 16:00:00',1,'','',NULL,0,NULL,1,1,1,2,'2017-03-20 04:40:28',NULL,NULL,1,'118.200.248.197'),(6,8,'INV_PAY_006',835.50,'2017-03-19 16:00:00',1,'','',NULL,0,NULL,1,1,1,2,'2017-03-20 04:41:51',NULL,NULL,1,'118.200.248.197'),(7,9,'INV_PAY_007',10.00,'2017-03-21 16:00:00',1,'','',NULL,0,NULL,1,1,1,2,'2017-03-22 07:28:46',NULL,NULL,3,'203.116.142.32'),(8,10,'INV_PAY_008',55.00,'2017-03-23 16:00:00',1,'','',NULL,0,NULL,1,1,1,2,'2017-03-24 04:12:20',NULL,NULL,1,'192.168.2.1'),(9,11,'INV_PAY_009',111.00,'2017-03-23 16:00:00',1,'','',NULL,0,NULL,1,1,1,2,'2017-03-24 04:19:02',NULL,NULL,1,'192.168.2.1'),(10,12,'INV_PAY_010',265.00,'2017-03-23 16:00:00',1,'','',NULL,0,NULL,1,1,1,2,'2017-03-24 04:23:52',NULL,NULL,1,'192.168.2.1'),(11,13,'INV_PAY_011',66.00,'2017-03-23 16:00:00',1,'','',NULL,0,NULL,1,1,1,2,'2017-03-24 04:40:40',NULL,NULL,1,'192.168.2.1'),(12,14,'INV_PAY_012',727.00,'2017-03-23 16:00:00',1,'','',NULL,0,NULL,1,1,1,2,'2017-03-24 10:53:24',NULL,NULL,1,'192.168.2.1');
/*!40000 ALTER TABLE `uc_sales_payment` ENABLE KEYS */;
UNLOCK TABLES;

--
-- Table structure for table `uc_sales_return`
--

DROP TABLE IF EXISTS `uc_sales_return`;
/*!40101 SET @saved_cs_client     = @@character_set_client */;
/*!40101 SET character_set_client = utf8 */;
CREATE TABLE `uc_sales_return` (
  `id` bigint(20) NOT NULL AUTO_INCREMENT,
  `so_id` bigint(20) DEFAULT NULL,
  `branch_id` bigint(20) DEFAULT NULL,
  `sor_no` varchar(50) DEFAULT NULL,
  `return_date` timestamp NULL DEFAULT NULL,
  `refund_amount` decimal(10,2) NOT NULL,
  `so_return_remarks` longtext,
  `status` int(2) DEFAULT NULL,
  `created_by` bigint(20) DEFAULT NULL,
  `created_on` timestamp NULL DEFAULT NULL,
  `updated_by` bigint(20) DEFAULT NULL,
  `updated_on` timestamp NULL DEFAULT NULL,
  `brn_id` bigint(20) DEFAULT NULL,
  `ip_address` varchar(50) DEFAULT NULL,
  PRIMARY KEY (`id`)
) ENGINE=InnoDB DEFAULT CHARSET=latin1;
/*!40101 SET character_set_client = @saved_cs_client */;

--
-- Dumping data for table `uc_sales_return`
--

LOCK TABLES `uc_sales_return` WRITE;
/*!40000 ALTER TABLE `uc_sales_return` DISABLE KEYS */;
/*!40000 ALTER TABLE `uc_sales_return` ENABLE KEYS */;
UNLOCK TABLES;

--
-- Table structure for table `uc_sales_return_items`
--

DROP TABLE IF EXISTS `uc_sales_return_items`;
/*!40101 SET @saved_cs_client     = @@character_set_client */;
/*!40101 SET character_set_client = utf8 */;
CREATE TABLE `uc_sales_return_items` (
  `id` bigint(20) NOT NULL AUTO_INCREMENT,
  `so_ret_id` bigint(20) DEFAULT NULL,
  `so_item_autoid` bigint(20) NOT NULL,
  `pdt_desc` text,
  `item_id` bigint(20) DEFAULT NULL,
  `item_code` text NOT NULL,
  `so_quantity` float DEFAULT NULL,
  `returned_qty` float DEFAULT NULL,
  `return_item_type` int(11) NOT NULL COMMENT '1-Return, 2-Re-Stock, 3-Warranty',
  `restock_quantity` float DEFAULT NULL,
  `warranty_cleared` int(1) NOT NULL DEFAULT '0' COMMENT '0-Not Cleared, 1-Cleared',
  `status` int(2) DEFAULT '1',
  `created_by` bigint(20) DEFAULT NULL,
  `created_on` timestamp NULL DEFAULT NULL,
  `updated_by` bigint(20) DEFAULT NULL,
  `updated_on` timestamp NULL DEFAULT NULL,
  `brn_id` bigint(20) DEFAULT NULL,
  `ip_address` varchar(50) DEFAULT NULL,
  PRIMARY KEY (`id`)
) ENGINE=InnoDB DEFAULT CHARSET=latin1;
/*!40101 SET character_set_client = @saved_cs_client */;

--
-- Dumping data for table `uc_sales_return_items`
--

LOCK TABLES `uc_sales_return_items` WRITE;
/*!40000 ALTER TABLE `uc_sales_return_items` DISABLE KEYS */;
/*!40000 ALTER TABLE `uc_sales_return_items` ENABLE KEYS */;
UNLOCK TABLES;

--
-- Table structure for table `uc_scan_product`
--

DROP TABLE IF EXISTS `uc_scan_product`;
/*!40101 SET @saved_cs_client     = @@character_set_client */;
/*!40101 SET character_set_client = utf8 */;
CREATE TABLE `uc_scan_product` (
  `id` int(11) NOT NULL AUTO_INCREMENT,
  `product_id` bigint(20) DEFAULT NULL,
  `branch_id` bigint(20) DEFAULT NULL,
  `quantity` float DEFAULT NULL,
  `status` int(2) NOT NULL DEFAULT '1',
  `created_on` timestamp NULL DEFAULT NULL,
  `created_by` bigint(20) DEFAULT NULL,
  `ip_address` varchar(50) DEFAULT NULL,
  PRIMARY KEY (`id`)
) ENGINE=InnoDB AUTO_INCREMENT=28 DEFAULT CHARSET=latin1;
/*!40101 SET character_set_client = @saved_cs_client */;

--
-- Dumping data for table `uc_scan_product`
--

LOCK TABLES `uc_scan_product` WRITE;
/*!40000 ALTER TABLE `uc_scan_product` DISABLE KEYS */;
INSERT INTO `uc_scan_product` VALUES (1,158,3,0,1,'2017-03-18 11:03:32',2,'203.116.142.32'),(2,159,3,0,1,'2017-03-18 11:05:40',2,'203.116.142.32'),(3,160,3,0,1,'2017-03-18 11:06:35',2,'203.116.142.32'),(4,161,3,0,1,'2017-03-18 11:13:21',2,'203.116.142.32'),(5,162,3,0,1,'2017-03-18 11:15:11',2,'203.116.142.32'),(6,163,3,0,1,'2017-03-18 11:17:45',2,'203.116.142.32'),(7,164,3,0,1,'2017-03-18 11:18:08',2,'203.116.142.32'),(8,165,3,0,1,'2017-03-18 11:20:14',2,'203.116.142.32'),(9,166,3,0,1,'2017-03-18 11:22:22',2,'203.116.142.32'),(10,167,3,0,1,'2017-03-18 11:23:55',2,'203.116.142.32'),(11,168,3,0,1,'2017-03-18 11:28:39',2,'203.116.142.32'),(12,169,3,0,1,'2017-03-18 11:31:12',2,'203.116.142.32'),(13,170,3,0,1,'2017-03-18 11:33:20',2,'203.116.142.32'),(14,171,3,0,1,'2017-03-18 11:33:31',2,'203.116.142.32'),(15,172,3,0,1,'2017-03-18 11:39:16',2,'203.116.142.32'),(16,173,3,0,1,'2017-03-18 11:45:43',2,'203.116.142.32'),(17,174,3,0,1,'2017-03-18 11:56:10',2,'203.116.142.32'),(18,175,3,0,1,'2017-03-18 12:01:34',2,'203.116.142.32'),(19,176,3,0,1,'2017-03-18 12:03:07',2,'203.116.142.32'),(20,177,3,0,1,'2017-03-18 12:08:14',2,'203.116.142.32'),(21,178,3,0,1,'2017-03-18 12:29:53',2,'203.116.142.32'),(22,179,3,0,1,'2017-03-18 12:38:28',2,'203.116.142.32'),(23,180,3,0,1,'2017-03-18 12:42:11',2,'203.116.142.32'),(24,181,3,0,1,'2017-03-18 12:44:26',2,'203.116.142.32'),(25,182,3,0,1,'2017-03-18 12:45:56',2,'203.116.142.32'),(26,183,3,0,1,'2017-03-20 12:40:45',2,'203.116.142.32'),(27,184,1,0,1,'2017-03-23 12:18:40',2,'203.116.142.32');
/*!40000 ALTER TABLE `uc_scan_product` ENABLE KEYS */;
UNLOCK TABLES;

--
-- Table structure for table `uc_service_category`
--

DROP TABLE IF EXISTS `uc_service_category`;
/*!40101 SET @saved_cs_client     = @@character_set_client */;
/*!40101 SET character_set_client = utf8 */;
CREATE TABLE `uc_service_category` (
  `id` int(11) NOT NULL AUTO_INCREMENT,
  `cat_code` varchar(20) NOT NULL,
  `cat_name` varchar(250) NOT NULL,
  `is_other` int(11) NOT NULL DEFAULT '0',
  `status` int(1) NOT NULL DEFAULT '1',
  `branch_id` bigint(20) DEFAULT NULL,
  `created_by` bigint(20) DEFAULT NULL,
  `created_on` timestamp NULL DEFAULT NULL,
  `updated_by` bigint(20) DEFAULT NULL,
  `updated_on` timestamp NULL DEFAULT NULL,
  PRIMARY KEY (`id`),
  KEY `created_by` (`created_by`),
  KEY `updated_by` (`updated_by`),
  KEY `branch_id` (`branch_id`),
  CONSTRAINT `uc_service_category_ibfk_2` FOREIGN KEY (`created_by`) REFERENCES `uc_users` (`id`),
  CONSTRAINT `uc_service_category_ibfk_3` FOREIGN KEY (`updated_by`) REFERENCES `uc_users` (`id`),
  CONSTRAINT `uc_service_category_ibfk_4` FOREIGN KEY (`branch_id`) REFERENCES `uc_branches` (`id`)
) ENGINE=InnoDB AUTO_INCREMENT=5 DEFAULT CHARSET=latin1;
/*!40101 SET character_set_client = @saved_cs_client */;

--
-- Dumping data for table `uc_service_category`
--

LOCK TABLES `uc_service_category` WRITE;
/*!40000 ALTER TABLE `uc_service_category` DISABLE KEYS */;
INSERT INTO `uc_service_category` VALUES (1,'SVC001','Laptop',0,1,1,2,'2017-03-03 10:30:00',NULL,NULL),(2,'SVC002','Desktop',0,1,1,2,'2017-03-03 10:30:00',NULL,NULL),(3,'SVC003','Hard Disk',0,1,1,2,'2017-03-03 10:30:00',NULL,NULL),(4,'SVC004','Others',1,1,1,2,'2017-03-03 10:30:00',NULL,NULL);
/*!40000 ALTER TABLE `uc_service_category` ENABLE KEYS */;
UNLOCK TABLES;

--
-- Table structure for table `uc_service_exc_inventory_item`
--

DROP TABLE IF EXISTS `uc_service_exc_inventory_item`;
/*!40101 SET @saved_cs_client     = @@character_set_client */;
/*!40101 SET character_set_client = utf8 */;
CREATE TABLE `uc_service_exc_inventory_item` (
  `id` bigint(20) NOT NULL AUTO_INCREMENT,
  `service_id` bigint(20) DEFAULT NULL,
  `exchange_order_id` bigint(20) DEFAULT NULL,
  `form_type` int(1) NOT NULL COMMENT '1- ExchangeOrder, 2- Inventory, 3-Service Cost',
  `category_id` bigint(20) DEFAULT NULL,
  `item_id` bigint(20) DEFAULT NULL,
  `product_description` text NOT NULL,
  `price` decimal(10,2) DEFAULT NULL,
  `unit_cost` decimal(10,2) NOT NULL,
  `quantity` int(3) DEFAULT NULL,
  `discount` decimal(10,2) DEFAULT NULL,
  `discount_type` int(1) NOT NULL COMMENT '1- Percentage, 0- Amount',
  `discount_amount` decimal(10,2) NOT NULL,
  `total` decimal(10,2) DEFAULT NULL,
  `item_profit` decimal(10,2) DEFAULT NULL,
  `status` int(2) DEFAULT '1' COMMENT '1-Active',
  `branch_id` bigint(20) DEFAULT NULL,
  `created_by` bigint(20) DEFAULT NULL,
  `created_on` timestamp NULL DEFAULT NULL,
  `updated_by` bigint(20) DEFAULT NULL,
  `updated_on` timestamp NULL DEFAULT NULL,
  PRIMARY KEY (`id`),
  KEY `created_by` (`created_by`),
  KEY `updated_by` (`updated_by`),
  KEY `branch_id` (`branch_id`)
) ENGINE=InnoDB AUTO_INCREMENT=12 DEFAULT CHARSET=latin1;
/*!40101 SET character_set_client = @saved_cs_client */;

--
-- Dumping data for table `uc_service_exc_inventory_item`
--

LOCK TABLES `uc_service_exc_inventory_item` WRITE;
/*!40000 ALTER TABLE `uc_service_exc_inventory_item` DISABLE KEYS */;
INSERT INTO `uc_service_exc_inventory_item` VALUES (1,1,NULL,3,NULL,NULL,'REFULGENCE TESTING',NULL,0.00,NULL,NULL,0,0.00,200.00,NULL,1,1,2,'2017-03-18 10:53:53',2,'2017-03-22 08:39:24'),(2,1,NULL,3,NULL,NULL,'TESTING',NULL,0.00,NULL,NULL,0,0.00,300.00,NULL,1,1,2,'2017-03-18 10:53:53',2,'2017-03-22 08:39:24'),(3,1,1,1,NULL,1,'HARD DISK 1TB',120.00,107.80,2,NULL,0,0.00,240.00,NULL,1,1,2,'2017-03-18 10:53:53',2,'2017-03-22 08:39:24'),(4,1,1,1,NULL,2,'PENDRIVE 8GB',2.50,2.00,1,NULL,0,0.00,2.50,NULL,1,1,2,'2017-03-18 10:53:53',2,'2017-03-22 08:39:24'),(5,1,NULL,2,41,127,'ORICO 2139U3 TRANSPARENT 2.5 ',20.00,10.00,2,NULL,0,0.00,40.00,NULL,1,1,2,'2017-03-18 10:53:53',2,'2017-03-22 08:39:24'),(6,1,NULL,2,41,128,'ORICO 2189U3 2.5',10.00,10.00,3,NULL,0,0.00,30.00,NULL,1,1,2,'2017-03-18 10:53:53',2,'2017-03-22 08:39:24'),(7,1,NULL,2,41,129,'ORICO 2538C3 2.5',23.00,5.00,1,NULL,0,0.00,23.00,NULL,1,1,2,'2017-03-18 10:53:53',2,'2017-03-22 08:39:24'),(8,1,NULL,3,NULL,NULL,'ERYRTE RTUTR',NULL,0.00,NULL,NULL,0,0.00,500.00,NULL,2,1,2,'2017-03-22 08:38:41',NULL,NULL),(9,3,NULL,3,NULL,NULL,'TESTING',NULL,0.00,NULL,NULL,0,0.00,100.00,NULL,1,1,2,'2017-03-24 04:08:05',2,'2017-03-24 04:16:44'),(10,3,3,1,NULL,4,'UNISEX FROG FACE HAMMER PLUSH TOY ONLINE INDIA',50.00,45.00,2,NULL,0,0.00,100.00,NULL,1,1,2,'2017-03-24 04:08:05',2,'2017-03-24 04:16:44'),(11,3,NULL,2,110,175,'HUAWEI HUAWEI 3G  MOBILE WIFI',13.00,10.00,5,NULL,0,0.00,65.00,NULL,1,1,2,'2017-03-24 04:08:05',2,'2017-03-24 04:16:44');
/*!40000 ALTER TABLE `uc_service_exc_inventory_item` ENABLE KEYS */;
UNLOCK TABLES;

--
-- Table structure for table `uc_service_item`
--

DROP TABLE IF EXISTS `uc_service_item`;
/*!40101 SET @saved_cs_client     = @@character_set_client */;
/*!40101 SET character_set_client = utf8 */;
CREATE TABLE `uc_service_item` (
  `id` bigint(20) NOT NULL AUTO_INCREMENT,
  `cat_id` int(11) NOT NULL,
  `item_code` varchar(50) NOT NULL,
  `item_name` varchar(250) NOT NULL,
  `is_other` int(11) NOT NULL DEFAULT '0',
  `status` int(1) NOT NULL DEFAULT '1',
  `created_by` int(11) NOT NULL,
  `created_on` timestamp NOT NULL DEFAULT CURRENT_TIMESTAMP ON UPDATE CURRENT_TIMESTAMP,
  `updated_on` timestamp NOT NULL DEFAULT '0000-00-00 00:00:00',
  `updated_by` int(11) NOT NULL,
  `branch_id` int(11) NOT NULL,
  PRIMARY KEY (`id`),
  KEY `branch_id` (`branch_id`)
) ENGINE=InnoDB AUTO_INCREMENT=16 DEFAULT CHARSET=latin1;
/*!40101 SET character_set_client = @saved_cs_client */;

--
-- Dumping data for table `uc_service_item`
--

LOCK TABLES `uc_service_item` WRITE;
/*!40000 ALTER TABLE `uc_service_item` DISABLE KEYS */;
INSERT INTO `uc_service_item` VALUES (1,1,'SVI001','Laptop',0,1,1,'2017-03-03 21:05:40','0000-00-00 00:00:00',0,1),(2,1,'SVI002','RAM',0,1,1,'2017-03-03 21:05:40','0000-00-00 00:00:00',0,1),(3,1,'SVI003','Hard disk',0,1,1,'2017-03-03 21:05:40','0000-00-00 00:00:00',0,1),(4,1,'SVI004','Adaptor',0,1,1,'2017-03-03 21:05:40','0000-00-00 00:00:00',0,1),(5,1,'SVI005','Bag',0,1,1,'2017-03-03 21:05:40','0000-00-00 00:00:00',0,1),(6,1,'SVI006','Others',1,1,1,'2017-03-06 02:49:54','0000-00-00 00:00:00',0,1),(7,2,'SVI007','CPU',0,1,1,'2017-03-03 21:05:40','0000-00-00 00:00:00',0,1),(8,2,'SVI008','Monitor',0,1,1,'2017-03-03 21:05:40','0000-00-00 00:00:00',0,1),(9,2,'SVI009','RAM',0,1,1,'2017-03-03 21:05:40','0000-00-00 00:00:00',0,1),(10,2,'SVI010','Hard disk',0,1,1,'2017-03-03 21:05:40','0000-00-00 00:00:00',0,1),(11,2,'SVI011','Others',1,1,1,'2017-03-06 02:50:00','0000-00-00 00:00:00',0,1),(12,3,'SVI012','Hard disk',0,1,1,'2017-03-03 21:09:49','0000-00-00 00:00:00',0,1),(13,3,'SVI013','External Case',0,1,1,'2017-03-03 21:09:49','0000-00-00 00:00:00',0,1),(14,3,'SVI014','USB Cable',0,1,1,'2017-03-03 21:09:49','0000-00-00 00:00:00',0,1),(15,3,'SVI015','Others',1,1,1,'2017-03-06 02:50:06','0000-00-00 00:00:00',0,1);
/*!40000 ALTER TABLE `uc_service_item` ENABLE KEYS */;
UNLOCK TABLES;

--
-- Table structure for table `uc_service_jobsheet`
--

DROP TABLE IF EXISTS `uc_service_jobsheet`;
/*!40101 SET @saved_cs_client     = @@character_set_client */;
/*!40101 SET character_set_client = utf8 */;
CREATE TABLE `uc_service_jobsheet` (
  `id` int(11) NOT NULL AUTO_INCREMENT,
  `jobsheet_number` varchar(20) DEFAULT NULL,
  `customer_id` bigint(20) DEFAULT NULL,
  `customer_name` varchar(765) DEFAULT NULL,
  `contact_person` varchar(765) DEFAULT NULL,
  `contact_number` varchar(765) DEFAULT NULL,
  `email_address` varchar(765) DEFAULT NULL,
  `material_name` varchar(765) DEFAULT NULL,
  `material_type` varchar(765) DEFAULT NULL,
  `problem_desc` longtext NOT NULL,
  `received_date` timestamp NULL DEFAULT NULL,
  `physical_condition` varchar(765) DEFAULT NULL,
  `remarks` longtext NOT NULL,
  `upload_photo` longtext NOT NULL,
  `engineer_id` bigint(20) DEFAULT NULL,
  `guessing_problem` longtext NOT NULL,
  `estimated_price_quoted` decimal(10,2) DEFAULT NULL,
  `estimated_delivery_date` timestamp NULL DEFAULT NULL,
  `service_status` int(1) NOT NULL DEFAULT '1' COMMENT '1-Processing,2-Completed',
  `rack_number` varchar(765) DEFAULT NULL,
  `exc_inventory_amount` decimal(20,2) DEFAULT NULL,
  `exc_inventory_itemadded` int(11) NOT NULL DEFAULT '2' COMMENT '1-Yes, 2-No',
  `status` int(11) NOT NULL DEFAULT '1' COMMENT '1-Active, 10-Deleted',
  `created_by` bigint(20) DEFAULT NULL,
  `created_on` timestamp NULL DEFAULT NULL,
  `updated_by` bigint(20) DEFAULT NULL,
  `updated_on` timestamp NULL DEFAULT NULL,
  `branch_id` bigint(20) DEFAULT NULL,
  `ip_address` varchar(50) DEFAULT NULL,
  PRIMARY KEY (`id`)
) ENGINE=InnoDB AUTO_INCREMENT=4 DEFAULT CHARSET=latin1;
/*!40101 SET character_set_client = @saved_cs_client */;

--
-- Dumping data for table `uc_service_jobsheet`
--

LOCK TABLES `uc_service_jobsheet` WRITE;
/*!40000 ALTER TABLE `uc_service_jobsheet` DISABLE KEYS */;
INSERT INTO `uc_service_jobsheet` VALUES (1,'UCSJS001',1,'DYNACORE TECHNOLOGIES PTE LTD ','SADIQ BASHA','98383350','BASHA@DYNACORETECH.COM','LAPTOP','ELECETRONICS','DISPLAY ISSUE','2017-03-17 16:00:00','NOT SHOWING ANY DISPLAY','REFULGENCE - TESTING','',10,'',200.00,'2017-03-23 16:00:00',1,NULL,835.50,1,1,7,'2017-03-18 10:47:24',2,'2017-03-22 08:39:24',1,'192.168.2.1'),(2,'UCSJS002',0,'0','0','0','0','0','0','0','0000-00-00 00:00:00','0','0','',0,'0',0.00,NULL,1,NULL,NULL,2,10,2,'2017-03-24 03:42:09',2,'2017-03-24 03:42:22',1,'192.168.2.1'),(3,'UCSJS003',2,'TEST RAMAN ','RAMAN','99887766','abc@gmail.com','TEST','REF','REF','2017-03-23 16:00:00','','','',9,'TESTING',400.00,'2017-03-23 16:00:00',1,NULL,265.00,1,1,2,'2017-03-24 04:03:38',2,'2017-03-24 04:16:44',1,'192.168.2.1');
/*!40000 ALTER TABLE `uc_service_jobsheet` ENABLE KEYS */;
UNLOCK TABLES;

--
-- Table structure for table `uc_service_jobsheet_items`
--

DROP TABLE IF EXISTS `uc_service_jobsheet_items`;
/*!40101 SET @saved_cs_client     = @@character_set_client */;
/*!40101 SET character_set_client = utf8 */;
CREATE TABLE `uc_service_jobsheet_items` (
  `id` bigint(20) NOT NULL AUTO_INCREMENT,
  `service_id` bigint(20) NOT NULL,
  `cat_id` bigint(20) NOT NULL,
  `item_id` bigint(20) NOT NULL,
  `others_txt` text NOT NULL,
  `status` int(1) NOT NULL DEFAULT '1' COMMENT '1-Active,10-Deleted',
  `branch_id` bigint(20) NOT NULL,
  `created_by` bigint(20) NOT NULL,
  `created_on` timestamp NOT NULL DEFAULT CURRENT_TIMESTAMP ON UPDATE CURRENT_TIMESTAMP,
  `updated_by` bigint(20) NOT NULL,
  `updated_on` timestamp NOT NULL DEFAULT '0000-00-00 00:00:00',
  PRIMARY KEY (`id`)
) ENGINE=InnoDB AUTO_INCREMENT=8 DEFAULT CHARSET=latin1;
/*!40101 SET character_set_client = @saved_cs_client */;

--
-- Dumping data for table `uc_service_jobsheet_items`
--

LOCK TABLES `uc_service_jobsheet_items` WRITE;
/*!40000 ALTER TABLE `uc_service_jobsheet_items` DISABLE KEYS */;
INSERT INTO `uc_service_jobsheet_items` VALUES (1,1,1,1,'',1,1,7,'2017-03-18 10:47:24',0,'0000-00-00 00:00:00'),(2,1,1,4,'',1,1,7,'2017-03-18 10:47:24',0,'0000-00-00 00:00:00'),(3,1,1,5,'',1,1,7,'2017-03-18 10:47:24',0,'0000-00-00 00:00:00'),(4,1,3,14,'',1,1,7,'2017-03-18 10:47:24',0,'0000-00-00 00:00:00'),(5,1,4,0,'CHARGER',1,1,7,'2017-03-18 10:47:24',0,'0000-00-00 00:00:00'),(6,3,1,1,'',1,1,2,'2017-03-24 04:03:38',0,'0000-00-00 00:00:00'),(7,3,2,8,'',1,1,2,'2017-03-24 04:03:38',0,'0000-00-00 00:00:00');
/*!40000 ALTER TABLE `uc_service_jobsheet_items` ENABLE KEYS */;
UNLOCK TABLES;

--
-- Table structure for table `uc_ship_address`
--

DROP TABLE IF EXISTS `uc_ship_address`;
/*!40101 SET @saved_cs_client     = @@character_set_client */;
/*!40101 SET character_set_client = utf8 */;
CREATE TABLE `uc_ship_address` (
  `id` int(11) NOT NULL AUTO_INCREMENT,
  `customer_id` bigint(5) DEFAULT NULL,
  `location_name` varchar(255) DEFAULT NULL,
  `address` text,
  `status` int(11) DEFAULT NULL,
  `is_default` int(11) DEFAULT NULL,
  `branch_id` bigint(5) DEFAULT NULL,
  `created_by` bigint(5) DEFAULT NULL,
  `created_on` timestamp NULL DEFAULT NULL,
  `updated_by` bigint(5) DEFAULT NULL,
  `updated_on` timestamp NULL DEFAULT NULL,
  PRIMARY KEY (`id`),
  KEY `branch_id` (`branch_id`),
  KEY `created_by` (`created_by`),
  KEY `updated_by` (`updated_by`),
  KEY `customer_id` (`customer_id`)
) ENGINE=InnoDB AUTO_INCREMENT=3 DEFAULT CHARSET=latin1;
/*!40101 SET character_set_client = @saved_cs_client */;

--
-- Dumping data for table `uc_ship_address`
--

LOCK TABLES `uc_ship_address` WRITE;
/*!40000 ALTER TABLE `uc_ship_address` DISABLE KEYS */;
INSERT INTO `uc_ship_address` VALUES (1,1,'SIM LIM SQUARE','1 ROCHOR CANAL ROAD,#05-47 SIMLIM SQUARE, SINGAPORE-188504',1,1,3,2,'2017-03-04 07:51:52',NULL,NULL),(2,2,'228852','228852',1,1,1,2,'2017-03-23 12:31:09',NULL,NULL);
/*!40000 ALTER TABLE `uc_ship_address` ENABLE KEYS */;
UNLOCK TABLES;

--
-- Table structure for table `uc_sub_category`
--

DROP TABLE IF EXISTS `uc_sub_category`;
/*!40101 SET @saved_cs_client     = @@character_set_client */;
/*!40101 SET character_set_client = utf8 */;
CREATE TABLE `uc_sub_category` (
  `id` bigint(20) NOT NULL AUTO_INCREMENT,
  `category_id` bigint(20) DEFAULT NULL,
  `sub_category_name` varchar(250) NOT NULL,
  `status` int(1) NOT NULL,
  `created_by` int(11) NOT NULL,
  `created_on` timestamp NOT NULL DEFAULT CURRENT_TIMESTAMP ON UPDATE CURRENT_TIMESTAMP,
  `updated_on` timestamp NOT NULL DEFAULT '0000-00-00 00:00:00',
  `updated_by` int(11) NOT NULL,
  `branch_id` int(11) NOT NULL,
  PRIMARY KEY (`id`),
  KEY `branch_id` (`branch_id`),
  KEY `category_id` (`category_id`)
) ENGINE=InnoDB AUTO_INCREMENT=4 DEFAULT CHARSET=latin1;
/*!40101 SET character_set_client = @saved_cs_client */;

--
-- Dumping data for table `uc_sub_category`
--

LOCK TABLES `uc_sub_category` WRITE;
/*!40000 ALTER TABLE `uc_sub_category` DISABLE KEYS */;
INSERT INTO `uc_sub_category` VALUES (1,25,'TYPE C',1,2,'2017-03-17 12:29:27','0000-00-00 00:00:00',0,3),(2,19,'TYPE C',1,2,'2017-03-17 13:12:01','0000-00-00 00:00:00',0,3),(3,1,'TYPE C',1,2,'2017-03-17 13:20:31','0000-00-00 00:00:00',0,3);
/*!40000 ALTER TABLE `uc_sub_category` ENABLE KEYS */;
UNLOCK TABLES;

--
-- Table structure for table `uc_supplier`
--

DROP TABLE IF EXISTS `uc_supplier`;
/*!40101 SET @saved_cs_client     = @@character_set_client */;
/*!40101 SET character_set_client = utf8 */;
CREATE TABLE `uc_supplier` (
  `id` bigint(20) NOT NULL AUTO_INCREMENT,
  `name` varchar(250) DEFAULT NULL,
  `contact_name` varchar(250) DEFAULT NULL,
  `phone_no` varchar(15) DEFAULT NULL,
  `fax` varchar(15) DEFAULT NULL,
  `email_id` varchar(150) DEFAULT NULL,
  `website` tinytext,
  `address` text,
  `status` int(2) DEFAULT '1' COMMENT '1-Active, 2-Inactive, 10-Deleted',
  `supplier_from_exc` varchar(65) NOT NULL DEFAULT 'no',
  `branch_id` bigint(20) DEFAULT NULL,
  `payment_terms` int(2) DEFAULT NULL COMMENT '1-COD, 2-14-Days, 3-30-Days, 4.45-Days, 5-Others',
  `created_by` bigint(20) DEFAULT NULL,
  `created_on` timestamp NULL DEFAULT NULL,
  `updated_by` bigint(20) DEFAULT NULL,
  `updated_on` timestamp NULL DEFAULT NULL,
  PRIMARY KEY (`id`),
  KEY `created_by` (`created_by`),
  KEY `updated_by` (`updated_by`),
  KEY `branch_id` (`branch_id`)
) ENGINE=InnoDB AUTO_INCREMENT=12 DEFAULT CHARSET=latin1;
/*!40101 SET character_set_client = @saved_cs_client */;

--
-- Dumping data for table `uc_supplier`
--

LOCK TABLES `uc_supplier` WRITE;
/*!40000 ALTER TABLE `uc_supplier` DISABLE KEYS */;
INSERT INTO `uc_supplier` VALUES (1,'STORAGE STUDIO SINGAPORE PTE LTD ','RAJU','63370456','63334588','','0','NO 1 ROCHOR CANAL ROAD ,#05-57 SIM LIM SQUARE SINGAPORE 188504',1,'no',3,1,2,'2017-02-24 11:09:50',NULL,NULL),(2,'BEST BARGAIN COMPUTERS PTE LTD ','BOTHA','63349143','','','0','1 ROCHOR CANAL ROAD,#05-02 SIM LIM SQUARE SINGAPORE',1,'no',3,2,2,'2017-02-24 11:29:44',2,'2017-02-24 11:33:14'),(3,'DMC SINGAPORE PTE LTD ','MICHAEL','63397234','63369113','','0','80 GENTING LANE ,#05-10 RUBY INDUSTRIAL COMPLEX SINGAPORE 349565',1,'no',3,1,2,'2017-02-24 11:32:48',NULL,NULL),(4,'VECTOR MAGNETICS PTE LTD ','WILLIAMS','63380129','63368238','','0','190 MIDDLE ROAD #02-04 FORTUNE CENTRE SINGAPORE 188979',1,'no',3,1,2,'2017-02-25 12:36:38',NULL,NULL),(5,'FSSOCOM','FRANKI','67493933','','FSSOCOM@YAHOO.COM.SG','0','1 ROCHOR CANAL ROAD #03-35 SIM LIM SQUARE ',1,'no',3,1,2,'2017-03-01 05:15:04',NULL,NULL),(6,'DYNACORE TECHNOLOGIES PTE LTD ','SADIQ BASHA','64931002','62506420','BASHA@DYNACORETECH.COM','0','1 ROCHOR CANAL ROAD,#05-47 SIL LIM SQUARE, SINGAPORE-188504',1,'no',3,0,2,'2017-03-01 05:17:24',NULL,NULL),(7,'LAPTOP PARTS DISTRIBUTION PTE LTD','YING','68831068','68832311','LAPTOPPD@GMAIL.COM','0','1 ROCHOR CANAL ROAD #03-30 SIM LIM SQUARE SINGAPORE 188504',1,'no',3,1,2,'2017-03-01 05:22:09',NULL,NULL),(8,'LI XUE TRADING PTE LTD ','SUBIN','63369805','63369805','PCSALE0525@HOTMAIL.COM','0','1 ROCHOR CANAL ROAD #05-25 SIM LIM SQUARE SINGAPORE 188504',1,'no',3,1,2,'2017-03-01 05:25:30',NULL,NULL),(9,'VIIPCTRADE PTE LTD ','','63343381','63343376','SALES@VIIPCTRADE.COM','0','1 ROCHOR CANAL ROAD #05-75 SIM LIM SQUARE SINGAPORE 188504 ',1,'no',3,1,2,'2017-03-01 05:27:18',NULL,NULL),(10,'HEAN LEE RADIO SERVICE PTE LTD ','','62963038','62969509','SALES@HEANLEE.COM.SG','0','101 KITCHENER ROAD #01-07 JALAN BESAR BLAZA  SINGAPORE  208511',1,'no',3,3,2,'2017-03-01 05:34:22',NULL,NULL),(11,'RSS TECHNOLOGY PTE LTD ','','67434461','67434462','SALES@RSS.COM.SG','0','66 TNANNERY LANE #02-01A SINDO BUILDING SINGAPORE 347805',1,'no',3,3,2,'2017-03-01 05:36:44',NULL,NULL);
/*!40000 ALTER TABLE `uc_supplier` ENABLE KEYS */;
UNLOCK TABLES;

--
-- Table structure for table `uc_transfer_stock`
--

DROP TABLE IF EXISTS `uc_transfer_stock`;
/*!40101 SET @saved_cs_client     = @@character_set_client */;
/*!40101 SET character_set_client = utf8 */;
CREATE TABLE `uc_transfer_stock` (
  `id` int(11) NOT NULL AUTO_INCREMENT,
  `from_brn_id` bigint(5) DEFAULT NULL,
  `to_brn_id` bigint(5) NOT NULL,
  `product_id` bigint(5) DEFAULT NULL,
  `received_qty` float DEFAULT NULL,
  `reason` text,
  `status` int(11) DEFAULT NULL,
  `branch_id` bigint(5) DEFAULT NULL,
  `created_by` bigint(5) DEFAULT NULL,
  `created_on` timestamp NULL DEFAULT NULL,
  `updated_by` bigint(5) DEFAULT NULL,
  `updated_on` timestamp NULL DEFAULT NULL,
  PRIMARY KEY (`id`),
  KEY `brn_id` (`from_brn_id`),
  KEY `created_by` (`created_by`),
  KEY `updated_by` (`updated_by`),
  KEY `to_brn_id` (`to_brn_id`),
  KEY `branch_id` (`branch_id`)
) ENGINE=InnoDB AUTO_INCREMENT=2 DEFAULT CHARSET=latin1;
/*!40101 SET character_set_client = @saved_cs_client */;

--
-- Dumping data for table `uc_transfer_stock`
--

LOCK TABLES `uc_transfer_stock` WRITE;
/*!40000 ALTER TABLE `uc_transfer_stock` DISABLE KEYS */;
INSERT INTO `uc_transfer_stock` VALUES (1,3,2,177,2,'NO STOCK THERE',1,3,2,'2017-03-19 13:10:52',NULL,NULL);
/*!40000 ALTER TABLE `uc_transfer_stock` ENABLE KEYS */;
UNLOCK TABLES;

--
-- Table structure for table `uc_unit`
--

DROP TABLE IF EXISTS `uc_unit`;
/*!40101 SET @saved_cs_client     = @@character_set_client */;
/*!40101 SET character_set_client = utf8 */;
CREATE TABLE `uc_unit` (
  `id` int(11) NOT NULL AUTO_INCREMENT,
  `unit_name` varchar(250) NOT NULL,
  `status` int(1) NOT NULL,
  `branch_id` bigint(20) DEFAULT NULL,
  `created_by` bigint(20) DEFAULT NULL,
  `created_on` timestamp NULL DEFAULT NULL,
  `updated_by` bigint(20) DEFAULT NULL,
  `updated_on` timestamp NULL DEFAULT NULL,
  PRIMARY KEY (`id`),
  KEY `created_by` (`created_by`),
  KEY `updated_by` (`updated_by`),
  KEY `branch_id` (`branch_id`)
) ENGINE=InnoDB AUTO_INCREMENT=7 DEFAULT CHARSET=latin1;
/*!40101 SET character_set_client = @saved_cs_client */;

--
-- Dumping data for table `uc_unit`
--

LOCK TABLES `uc_unit` WRITE;
/*!40000 ALTER TABLE `uc_unit` DISABLE KEYS */;
INSERT INTO `uc_unit` VALUES (6,'pc',1,NULL,2,'2016-08-19 10:07:54',NULL,NULL);
/*!40000 ALTER TABLE `uc_unit` ENABLE KEYS */;
UNLOCK TABLES;

--
-- Table structure for table `uc_users`
--

DROP TABLE IF EXISTS `uc_users`;
/*!40101 SET @saved_cs_client     = @@character_set_client */;
/*!40101 SET character_set_client = utf8 */;
CREATE TABLE `uc_users` (
  `id` bigint(20) NOT NULL AUTO_INCREMENT,
  `branch_id` varchar(255) NOT NULL,
  `name` varchar(250) DEFAULT NULL,
  `user_name` varchar(100) DEFAULT NULL,
  `email` varchar(150) DEFAULT NULL,
  `password` varchar(100) CHARACTER SET latin1 COLLATE latin1_general_cs DEFAULT NULL,
  `permissions` longtext,
  `designation` bigint(20) DEFAULT NULL,
  `user_opts` longtext,
  `image` varchar(255) DEFAULT NULL,
  `emp_id` bigint(20) DEFAULT NULL,
  `push_notify` int(1) NOT NULL DEFAULT '0' COMMENT '0-No, 1-Yes',
  `status` int(2) NOT NULL DEFAULT '1' COMMENT '1-Active, 2-Inactive, 10-Deleted',
  `brn_id` bigint(20) DEFAULT NULL,
  `is_admin` int(1) DEFAULT '2' COMMENT '1- Yes,2- No',
  `created_by` bigint(20) DEFAULT NULL,
  `created_on` timestamp NULL DEFAULT NULL,
  `updated_by` bigint(20) DEFAULT NULL,
  `updated_on` timestamp NULL DEFAULT NULL,
  `ip_address` varchar(100) NOT NULL,
  PRIMARY KEY (`id`),
  KEY `brn_id` (`brn_id`)
) ENGINE=InnoDB AUTO_INCREMENT=13 DEFAULT CHARSET=latin1;
/*!40101 SET character_set_client = @saved_cs_client */;

--
-- Dumping data for table `uc_users`
--

LOCK TABLES `uc_users` WRITE;
/*!40000 ALTER TABLE `uc_users` DISABLE KEYS */;
INSERT INTO `uc_users` VALUES (2,'2,3,1,4','Admin','Admin','admin@gmail.com','12345','a:74:{s:9:\"check_all\";s:2:\"ON\";s:8:\"settings\";a:3:{i:1;s:1:\"1\";i:7;s:1:\"7\";i:8;s:1:\"8\";}s:9:\"dashboard\";s:2:\"on\";s:4:\"home\";a:1:{i:1;s:1:\"1\";}s:7:\"masters\";s:2:\"on\";s:4:\"user\";a:4:{i:1;s:1:\"1\";i:2;s:1:\"2\";i:3;s:1:\"3\";i:4;s:1:\"4\";}s:7:\"company\";a:3:{i:1;s:1:\"1\";i:3;s:1:\"3\";i:4;s:1:\"4\";}s:14:\"customer_group\";a:4:{i:1;s:1:\"1\";i:2;s:1:\"2\";i:3;s:1:\"3\";i:4;s:1:\"4\";}s:8:\"customer\";a:4:{i:1;s:1:\"1\";i:2;s:1:\"2\";i:3;s:1:\"3\";i:4;s:1:\"4\";}s:8:\"supplier\";a:4:{i:1;s:1:\"1\";i:2;s:1:\"2\";i:3;s:1:\"3\";i:4;s:1:\"4\";}s:5:\"brand\";a:4:{i:1;s:1:\"1\";i:2;s:1:\"2\";i:3;s:1:\"3\";i:4;s:1:\"4\";}s:13:\"item_category\";a:4:{i:1;s:1:\"1\";i:2;s:1:\"2\";i:3;s:1:\"3\";i:4;s:1:\"4\";}s:12:\"sub_category\";a:4:{i:1;s:1:\"1\";i:2;s:1:\"2\";i:3;s:1:\"3\";i:4;s:1:\"4\";}s:4:\"item\";a:5:{i:1;s:1:\"1\";i:2;s:1:\"2\";i:3;s:1:\"3\";i:4;s:1:\"4\";i:7;s:1:\"7\";}s:10:\"item_price\";a:3:{i:1;s:1:\"1\";i:3;s:1:\"3\";i:4;s:1:\"4\";}s:8:\"employee\";a:4:{i:1;s:1:\"1\";i:2;s:1:\"2\";i:3;s:1:\"3\";i:4;s:1:\"4\";}s:12:\"expense_type\";a:4:{i:1;s:1:\"1\";i:2;s:1:\"2\";i:3;s:1:\"3\";i:4;s:1:\"4\";}s:12:\"payment_type\";a:4:{i:1;s:1:\"1\";i:2;s:1:\"2\";i:3;s:1:\"3\";i:4;s:1:\"4\";}s:10:\"promotions\";s:2:\"on\";s:22:\"purchase_with_purchase\";a:5:{i:1;s:1:\"1\";i:2;s:1:\"2\";i:3;s:1:\"3\";i:4;s:1:\"4\";i:6;s:1:\"6\";}s:14:\"discount_sales\";a:5:{i:1;s:1:\"1\";i:2;s:1:\"2\";i:3;s:1:\"3\";i:4;s:1:\"4\";i:6;s:1:\"6\";}s:15:\"buy_one_get_one\";a:5:{i:1;s:1:\"1\";i:2;s:1:\"2\";i:3;s:1:\"3\";i:4;s:1:\"4\";i:6;s:1:\"6\";}s:9:\"group_buy\";a:5:{i:1;s:1:\"1\";i:2;s:1:\"2\";i:3;s:1:\"3\";i:4;s:1:\"4\";i:6;s:1:\"6\";}s:7:\"banking\";s:2:\"on\";s:4:\"bank\";a:4:{i:1;s:1:\"1\";i:2;s:1:\"2\";i:3;s:1:\"3\";i:4;s:1:\"4\";}s:7:\"deposit\";a:4:{i:1;s:1:\"1\";i:2;s:1:\"2\";i:3;s:1:\"3\";i:4;s:1:\"4\";}s:9:\"deduction\";a:4:{i:1;s:1:\"1\";i:2;s:1:\"2\";i:3;s:1:\"3\";i:4;s:1:\"4\";}s:7:\"payment\";a:4:{i:1;s:1:\"1\";i:2;s:1:\"2\";i:3;s:1:\"3\";i:4;s:1:\"4\";}s:13:\"bank_transfer\";a:4:{i:1;s:1:\"1\";i:2;s:1:\"2\";i:3;s:1:\"3\";i:4;s:1:\"4\";}s:14:\"exchange_order\";a:6:{i:1;s:1:\"1\";i:2;s:1:\"2\";i:3;s:1:\"3\";i:4;s:1:\"4\";i:6;s:1:\"6\";i:7;s:1:\"7\";}s:23:\"exchange_order_payments\";a:5:{i:1;s:1:\"1\";i:2;s:1:\"2\";i:3;s:1:\"3\";i:4;s:1:\"4\";i:6;s:1:\"6\";}s:8:\"services\";a:5:{i:1;s:1:\"1\";i:2;s:1:\"2\";i:3;s:1:\"3\";i:4;s:1:\"4\";i:6;s:1:\"6\";}s:12:\"scan_service\";a:2:{i:1;s:1:\"1\";i:6;s:1:\"6\";}s:9:\"purchases\";s:2:\"on\";s:15:\"purchase_orders\";a:7:{i:1;s:1:\"1\";i:2;s:1:\"2\";i:3;s:1:\"3\";i:4;s:1:\"4\";i:6;s:1:\"6\";i:7;s:1:\"7\";i:8;s:1:\"8\";}s:13:\"goods_receive\";a:6:{i:1;s:1:\"1\";i:2;s:1:\"2\";i:3;s:1:\"3\";i:4;s:1:\"4\";i:6;s:1:\"6\";i:7;s:1:\"7\";}s:17:\"purchase_payments\";a:5:{i:1;s:1:\"1\";i:2;s:1:\"2\";i:3;s:1:\"3\";i:4;s:1:\"4\";i:6;s:1:\"6\";}s:16:\"purchase_returns\";a:5:{i:1;s:1:\"1\";i:2;s:1:\"2\";i:3;s:1:\"3\";i:4;s:1:\"4\";i:6;s:1:\"6\";}s:7:\"invoice\";a:6:{i:1;s:1:\"1\";i:2;s:1:\"2\";i:3;s:1:\"3\";i:4;s:1:\"4\";i:6;s:1:\"6\";i:7;s:1:\"7\";}s:9:\"quotation\";a:8:{i:1;s:1:\"1\";i:2;s:1:\"2\";i:3;s:1:\"3\";i:4;s:1:\"4\";i:6;s:1:\"6\";i:7;s:1:\"7\";i:8;s:1:\"8\";i:9;s:1:\"9\";}s:15:\"invoice_payment\";a:5:{i:1;s:1:\"1\";i:2;s:1:\"2\";i:3;s:1:\"3\";i:4;s:1:\"4\";i:6;s:1:\"6\";}s:14:\"invoice_return\";a:4:{i:1;s:1:\"1\";i:2;s:1:\"2\";i:4;s:1:\"4\";i:6;s:1:\"6\";}s:15:\"delivery_orders\";a:5:{i:1;s:1:\"1\";i:2;s:1:\"2\";i:3;s:1:\"3\";i:4;s:1:\"4\";i:6;s:1:\"6\";}s:9:\"inventory\";a:1:{i:1;s:1:\"1\";}s:12:\"adjust_stock\";a:4:{i:1;s:1:\"1\";i:2;s:1:\"2\";i:3;s:1:\"3\";i:4;s:1:\"4\";}s:16:\"movement_history\";a:1:{i:1;s:1:\"1\";}s:14:\"transfer_stock\";a:4:{i:1;s:1:\"1\";i:2;s:1:\"2\";i:3;s:1:\"3\";i:4;s:1:\"4\";}s:11:\"count_sheet\";a:1:{i:1;s:1:\"1\";}s:10:\"operations\";s:2:\"on\";s:7:\"payslip\";a:5:{i:1;s:1:\"1\";i:2;s:1:\"2\";i:3;s:1:\"3\";i:4;s:1:\"4\";i:6;s:1:\"6\";}s:7:\"expense\";a:5:{i:1;s:1:\"1\";i:2;s:1:\"2\";i:3;s:1:\"3\";i:4;s:1:\"4\";i:6;s:1:\"6\";}s:10:\"petty_cash\";a:5:{i:1;s:1:\"1\";i:2;s:1:\"2\";i:3;s:1:\"3\";i:4;s:1:\"4\";i:6;s:1:\"6\";}s:16:\"enquiry_log_form\";a:6:{i:1;s:1:\"1\";i:2;s:1:\"2\";i:3;s:1:\"3\";i:4;s:1:\"4\";i:6;s:1:\"6\";i:7;s:1:\"7\";}s:7:\"reports\";s:2:\"on\";s:12:\"daily_report\";a:3:{i:1;s:1:\"1\";i:6;s:1:\"6\";i:7;s:1:\"7\";}s:18:\"profit_loss_report\";a:3:{i:1;s:1:\"1\";i:6;s:1:\"6\";i:7;s:1:\"7\";}s:14:\"banking_report\";a:3:{i:1;s:1:\"1\";i:6;s:1:\"6\";i:7;s:1:\"7\";}s:21:\"exchange_order_report\";a:3:{i:1;s:1:\"1\";i:6;s:1:\"6\";i:7;s:1:\"7\";}s:15:\"invoice_reports\";a:3:{i:1;s:1:\"1\";i:6;s:1:\"6\";i:7;s:1:\"7\";}s:17:\"account_statement\";a:2:{i:1;s:1:\"1\";i:6;s:1:\"6\";}s:24:\"customer_payment_summary\";a:2:{i:1;s:1:\"1\";i:6;s:1:\"6\";}s:21:\"customer_list_reports\";a:2:{i:1;s:1:\"1\";i:6;s:1:\"6\";}s:24:\"supplier_payment_summary\";a:2:{i:1;s:1:\"1\";i:6;s:1:\"6\";}s:21:\"supplier_list_reports\";a:2:{i:1;s:1:\"1\";i:6;s:1:\"6\";}s:13:\"item_supplier\";a:2:{i:1;s:1:\"1\";i:6;s:1:\"6\";}s:13:\"supplier_item\";a:2:{i:1;s:1:\"1\";i:6;s:1:\"6\";}s:21:\"inventory_by_location\";a:2:{i:1;s:1:\"1\";i:6;s:1:\"6\";}s:10:\"price_list\";a:2:{i:1;s:1:\"1\";i:6;s:1:\"6\";}s:17:\"inventory_details\";a:2:{i:1;s:1:\"1\";i:6;s:1:\"6\";}s:22:\"expense_detail_reports\";a:2:{i:1;s:1:\"1\";i:6;s:1:\"6\";}s:26:\"payslip_generation_reports\";a:2:{i:1;s:1:\"1\";i:6;s:1:\"6\";}s:15:\"service_reports\";a:2:{i:1;s:1:\"1\";i:6;s:1:\"6\";}s:24:\"enquiry_log_form_reports\";a:2:{i:1;s:1:\"1\";i:6;s:1:\"6\";}s:11:\"log_reports\";a:2:{i:1;s:1:\"1\";i:6;s:1:\"6\";}}',NULL,'{\"bgImg\":\"5.png\",\"class\":\"\"}','users/2_img1.jpg',NULL,0,1,1,1,NULL,'2016-04-17 14:38:41',7,'2017-03-21 11:41:17',''),(3,'1','Raj','raj','raj@gmail.com','123456','a:2:{s:5:\"sales\";s:2:\"on\";s:12:\"sales_orders\";a:3:{i:1;s:1:\"1\";i:2;s:1:\"2\";i:6;s:1:\"6\";}}',NULL,'{\"fixRibbon\":\"true\",\"themeId\":\"smart-style-0\",\"class\":\" fixed-header fixed-navigation fixed-ribbon\"}','0',NULL,0,10,NULL,2,2,'2016-08-19 08:44:04',2,'2017-02-03 09:03:56',''),(4,'2','SHIVA','SHIVA','KUMAR@LUCKYSTORE.COM.SG','123456','a:41:{s:9:\"dashboard\";s:2:\"on\";s:4:\"home\";a:1:{i:1;s:1:\"1\";}s:7:\"masters\";s:2:\"on\";s:4:\"user\";a:4:{i:1;s:1:\"1\";i:2;s:1:\"2\";i:3;s:1:\"3\";i:4;s:1:\"4\";}s:7:\"company\";a:3:{i:1;s:1:\"1\";i:3;s:1:\"3\";i:4;s:1:\"4\";}s:8:\"customer\";a:4:{i:1;s:1:\"1\";i:2;s:1:\"2\";i:3;s:1:\"3\";i:4;s:1:\"4\";}s:8:\"supplier\";a:4:{i:1;s:1:\"1\";i:2;s:1:\"2\";i:3;s:1:\"3\";i:4;s:1:\"4\";}s:5:\"brand\";a:4:{i:1;s:1:\"1\";i:2;s:1:\"2\";i:3;s:1:\"3\";i:4;s:1:\"4\";}s:4:\"item\";a:4:{i:1;s:1:\"1\";i:2;s:1:\"2\";i:3;s:1:\"3\";i:4;s:1:\"4\";}s:8:\"employee\";a:4:{i:1;s:1:\"1\";i:2;s:1:\"2\";i:3;s:1:\"3\";i:4;s:1:\"4\";}s:12:\"expense_type\";a:4:{i:1;s:1:\"1\";i:2;s:1:\"2\";i:3;s:1:\"3\";i:4;s:1:\"4\";}s:12:\"payment_type\";a:4:{i:1;s:1:\"1\";i:2;s:1:\"2\";i:3;s:1:\"3\";i:4;s:1:\"4\";}s:9:\"purchases\";s:2:\"on\";s:13:\"goods_receive\";a:6:{i:1;s:1:\"1\";i:2;s:1:\"2\";i:3;s:1:\"3\";i:4;s:1:\"4\";i:6;s:1:\"6\";i:7;s:1:\"7\";}s:17:\"purchase_payments\";a:5:{i:1;s:1:\"1\";i:2;s:1:\"2\";i:3;s:1:\"3\";i:4;s:1:\"4\";i:6;s:1:\"6\";}s:16:\"purchase_returns\";a:5:{i:1;s:1:\"1\";i:2;s:1:\"2\";i:3;s:1:\"3\";i:4;s:1:\"4\";i:6;s:1:\"6\";}s:7:\"invoice\";a:6:{i:1;s:1:\"1\";i:2;s:1:\"2\";i:3;s:1:\"3\";i:4;s:1:\"4\";i:6;s:1:\"6\";i:7;s:1:\"7\";}s:15:\"invoice_payment\";a:5:{i:1;s:1:\"1\";i:2;s:1:\"2\";i:3;s:1:\"3\";i:4;s:1:\"4\";i:6;s:1:\"6\";}s:14:\"invoice_return\";a:5:{i:1;s:1:\"1\";i:2;s:1:\"2\";i:3;s:1:\"3\";i:4;s:1:\"4\";i:6;s:1:\"6\";}s:15:\"delivery_orders\";a:5:{i:1;s:1:\"1\";i:2;s:1:\"2\";i:3;s:1:\"3\";i:4;s:1:\"4\";i:6;s:1:\"6\";}s:9:\"inventory\";a:1:{i:1;s:1:\"1\";}s:12:\"adjust_stock\";a:4:{i:1;s:1:\"1\";i:2;s:1:\"2\";i:3;s:1:\"3\";i:4;s:1:\"4\";}s:16:\"movement_history\";a:1:{i:1;s:1:\"1\";}s:14:\"transfer_stock\";a:4:{i:1;s:1:\"1\";i:2;s:1:\"2\";i:3;s:1:\"3\";i:4;s:1:\"4\";}s:10:\"operations\";s:2:\"on\";s:7:\"payslip\";a:5:{i:1;s:1:\"1\";i:2;s:1:\"2\";i:3;s:1:\"3\";i:4;s:1:\"4\";i:6;s:1:\"6\";}s:7:\"expense\";a:5:{i:1;s:1:\"1\";i:2;s:1:\"2\";i:3;s:1:\"3\";i:4;s:1:\"4\";i:6;s:1:\"6\";}s:7:\"reports\";s:2:\"on\";s:12:\"daily_report\";a:2:{i:1;s:1:\"1\";i:6;s:1:\"6\";}s:18:\"profit_loss_report\";a:2:{i:1;s:1:\"1\";i:6;s:1:\"6\";}s:15:\"invoice_reports\";a:2:{i:1;s:1:\"1\";i:6;s:1:\"6\";}s:17:\"account_statement\";a:2:{i:1;s:1:\"1\";i:6;s:1:\"6\";}s:24:\"customer_payment_summary\";a:2:{i:1;s:1:\"1\";i:6;s:1:\"6\";}s:21:\"customer_list_reports\";a:2:{i:1;s:1:\"1\";i:6;s:1:\"6\";}s:24:\"supplier_payment_summary\";a:2:{i:1;s:1:\"1\";i:6;s:1:\"6\";}s:21:\"supplier_list_reports\";a:2:{i:1;s:1:\"1\";i:6;s:1:\"6\";}s:17:\"inventory_details\";a:2:{i:1;s:1:\"1\";i:6;s:1:\"6\";}s:21:\"inventory_by_location\";a:2:{i:1;s:1:\"1\";i:6;s:1:\"6\";}s:10:\"price_list\";a:2:{i:1;s:1:\"1\";i:6;s:1:\"6\";}s:22:\"expense_detail_reports\";a:2:{i:1;s:1:\"1\";i:6;s:1:\"6\";}s:26:\"payslip_generation_reports\";a:2:{i:1;s:1:\"1\";i:6;s:1:\"6\";}}',NULL,'{\"fixRibbon\":\"true\",\"themeId\":\"smart-style-0\",\"class\":\" fixed-header fixed-navigation fixed-ribbon\"}','0',NULL,0,10,1,1,2,'2016-12-13 04:25:15',2,'2017-02-03 09:03:49',''),(5,'1','DANNY R ','ADMIN@GMAIL.COM','DANNY@LUCKYSTORE.COM.SG','SFC4188D','a:41:{s:9:\"dashboard\";s:2:\"on\";s:4:\"home\";a:1:{i:1;s:1:\"1\";}s:7:\"masters\";s:2:\"on\";s:4:\"user\";a:4:{i:1;s:1:\"1\";i:2;s:1:\"2\";i:3;s:1:\"3\";i:4;s:1:\"4\";}s:7:\"company\";a:3:{i:1;s:1:\"1\";i:3;s:1:\"3\";i:4;s:1:\"4\";}s:8:\"customer\";a:4:{i:1;s:1:\"1\";i:2;s:1:\"2\";i:3;s:1:\"3\";i:4;s:1:\"4\";}s:8:\"supplier\";a:4:{i:1;s:1:\"1\";i:2;s:1:\"2\";i:3;s:1:\"3\";i:4;s:1:\"4\";}s:5:\"brand\";a:4:{i:1;s:1:\"1\";i:2;s:1:\"2\";i:3;s:1:\"3\";i:4;s:1:\"4\";}s:4:\"item\";a:4:{i:1;s:1:\"1\";i:2;s:1:\"2\";i:3;s:1:\"3\";i:4;s:1:\"4\";}s:8:\"employee\";a:4:{i:1;s:1:\"1\";i:2;s:1:\"2\";i:3;s:1:\"3\";i:4;s:1:\"4\";}s:12:\"expense_type\";a:4:{i:1;s:1:\"1\";i:2;s:1:\"2\";i:3;s:1:\"3\";i:4;s:1:\"4\";}s:12:\"payment_type\";a:4:{i:1;s:1:\"1\";i:2;s:1:\"2\";i:3;s:1:\"3\";i:4;s:1:\"4\";}s:9:\"purchases\";s:2:\"on\";s:13:\"goods_receive\";a:6:{i:1;s:1:\"1\";i:2;s:1:\"2\";i:3;s:1:\"3\";i:4;s:1:\"4\";i:6;s:1:\"6\";i:7;s:1:\"7\";}s:17:\"purchase_payments\";a:5:{i:1;s:1:\"1\";i:2;s:1:\"2\";i:3;s:1:\"3\";i:4;s:1:\"4\";i:6;s:1:\"6\";}s:16:\"purchase_returns\";a:5:{i:1;s:1:\"1\";i:2;s:1:\"2\";i:3;s:1:\"3\";i:4;s:1:\"4\";i:6;s:1:\"6\";}s:7:\"invoice\";a:6:{i:1;s:1:\"1\";i:2;s:1:\"2\";i:3;s:1:\"3\";i:4;s:1:\"4\";i:6;s:1:\"6\";i:7;s:1:\"7\";}s:15:\"invoice_payment\";a:5:{i:1;s:1:\"1\";i:2;s:1:\"2\";i:3;s:1:\"3\";i:4;s:1:\"4\";i:6;s:1:\"6\";}s:14:\"invoice_return\";a:5:{i:1;s:1:\"1\";i:2;s:1:\"2\";i:3;s:1:\"3\";i:4;s:1:\"4\";i:6;s:1:\"6\";}s:15:\"delivery_orders\";a:5:{i:1;s:1:\"1\";i:2;s:1:\"2\";i:3;s:1:\"3\";i:4;s:1:\"4\";i:6;s:1:\"6\";}s:9:\"inventory\";a:1:{i:1;s:1:\"1\";}s:12:\"adjust_stock\";a:4:{i:1;s:1:\"1\";i:2;s:1:\"2\";i:3;s:1:\"3\";i:4;s:1:\"4\";}s:16:\"movement_history\";a:1:{i:1;s:1:\"1\";}s:14:\"transfer_stock\";a:4:{i:1;s:1:\"1\";i:2;s:1:\"2\";i:3;s:1:\"3\";i:4;s:1:\"4\";}s:10:\"operations\";s:2:\"on\";s:7:\"payslip\";a:5:{i:1;s:1:\"1\";i:2;s:1:\"2\";i:3;s:1:\"3\";i:4;s:1:\"4\";i:6;s:1:\"6\";}s:7:\"expense\";a:5:{i:1;s:1:\"1\";i:2;s:1:\"2\";i:3;s:1:\"3\";i:4;s:1:\"4\";i:6;s:1:\"6\";}s:7:\"reports\";s:2:\"on\";s:12:\"daily_report\";a:2:{i:1;s:1:\"1\";i:6;s:1:\"6\";}s:18:\"profit_loss_report\";a:2:{i:1;s:1:\"1\";i:6;s:1:\"6\";}s:15:\"invoice_reports\";a:2:{i:1;s:1:\"1\";i:6;s:1:\"6\";}s:17:\"account_statement\";a:2:{i:1;s:1:\"1\";i:6;s:1:\"6\";}s:24:\"customer_payment_summary\";a:2:{i:1;s:1:\"1\";i:6;s:1:\"6\";}s:21:\"customer_list_reports\";a:2:{i:1;s:1:\"1\";i:6;s:1:\"6\";}s:24:\"supplier_payment_summary\";a:2:{i:1;s:1:\"1\";i:6;s:1:\"6\";}s:21:\"supplier_list_reports\";a:2:{i:1;s:1:\"1\";i:6;s:1:\"6\";}s:17:\"inventory_details\";a:2:{i:1;s:1:\"1\";i:6;s:1:\"6\";}s:21:\"inventory_by_location\";a:2:{i:1;s:1:\"1\";i:6;s:1:\"6\";}s:10:\"price_list\";a:2:{i:1;s:1:\"1\";i:6;s:1:\"6\";}s:22:\"expense_detail_reports\";a:2:{i:1;s:1:\"1\";i:6;s:1:\"6\";}s:26:\"payslip_generation_reports\";a:2:{i:1;s:1:\"1\";i:6;s:1:\"6\";}}',NULL,'{\"fixRibbon\":\"true\",\"themeId\":\"smart-style-0\",\"class\":\" fixed-header fixed-navigation fixed-ribbon\"}','0',NULL,0,10,1,2,2,'2016-12-19 10:28:51',2,'2017-02-03 09:03:42',''),(6,'1','NICKY','NICKY@LUCKYSTORE.COM.SG','NICKY@LUCKYSTORE.COM.SG','021484','a:41:{s:9:\"dashboard\";s:2:\"on\";s:4:\"home\";a:1:{i:1;s:1:\"1\";}s:7:\"masters\";s:2:\"on\";s:4:\"user\";a:4:{i:1;s:1:\"1\";i:2;s:1:\"2\";i:3;s:1:\"3\";i:4;s:1:\"4\";}s:7:\"company\";a:3:{i:1;s:1:\"1\";i:3;s:1:\"3\";i:4;s:1:\"4\";}s:8:\"customer\";a:4:{i:1;s:1:\"1\";i:2;s:1:\"2\";i:3;s:1:\"3\";i:4;s:1:\"4\";}s:8:\"supplier\";a:4:{i:1;s:1:\"1\";i:2;s:1:\"2\";i:3;s:1:\"3\";i:4;s:1:\"4\";}s:5:\"brand\";a:4:{i:1;s:1:\"1\";i:2;s:1:\"2\";i:3;s:1:\"3\";i:4;s:1:\"4\";}s:4:\"item\";a:4:{i:1;s:1:\"1\";i:2;s:1:\"2\";i:3;s:1:\"3\";i:4;s:1:\"4\";}s:8:\"employee\";a:4:{i:1;s:1:\"1\";i:2;s:1:\"2\";i:3;s:1:\"3\";i:4;s:1:\"4\";}s:12:\"expense_type\";a:4:{i:1;s:1:\"1\";i:2;s:1:\"2\";i:3;s:1:\"3\";i:4;s:1:\"4\";}s:12:\"payment_type\";a:4:{i:1;s:1:\"1\";i:2;s:1:\"2\";i:3;s:1:\"3\";i:4;s:1:\"4\";}s:9:\"purchases\";s:2:\"on\";s:13:\"goods_receive\";a:6:{i:1;s:1:\"1\";i:2;s:1:\"2\";i:3;s:1:\"3\";i:4;s:1:\"4\";i:6;s:1:\"6\";i:7;s:1:\"7\";}s:17:\"purchase_payments\";a:5:{i:1;s:1:\"1\";i:2;s:1:\"2\";i:3;s:1:\"3\";i:4;s:1:\"4\";i:6;s:1:\"6\";}s:16:\"purchase_returns\";a:5:{i:1;s:1:\"1\";i:2;s:1:\"2\";i:3;s:1:\"3\";i:4;s:1:\"4\";i:6;s:1:\"6\";}s:7:\"invoice\";a:6:{i:1;s:1:\"1\";i:2;s:1:\"2\";i:3;s:1:\"3\";i:4;s:1:\"4\";i:6;s:1:\"6\";i:7;s:1:\"7\";}s:15:\"invoice_payment\";a:5:{i:1;s:1:\"1\";i:2;s:1:\"2\";i:3;s:1:\"3\";i:4;s:1:\"4\";i:6;s:1:\"6\";}s:14:\"invoice_return\";a:5:{i:1;s:1:\"1\";i:2;s:1:\"2\";i:3;s:1:\"3\";i:4;s:1:\"4\";i:6;s:1:\"6\";}s:15:\"delivery_orders\";a:5:{i:1;s:1:\"1\";i:2;s:1:\"2\";i:3;s:1:\"3\";i:4;s:1:\"4\";i:6;s:1:\"6\";}s:9:\"inventory\";a:1:{i:1;s:1:\"1\";}s:12:\"adjust_stock\";a:4:{i:1;s:1:\"1\";i:2;s:1:\"2\";i:3;s:1:\"3\";i:4;s:1:\"4\";}s:16:\"movement_history\";a:1:{i:1;s:1:\"1\";}s:14:\"transfer_stock\";a:4:{i:1;s:1:\"1\";i:2;s:1:\"2\";i:3;s:1:\"3\";i:4;s:1:\"4\";}s:10:\"operations\";s:2:\"on\";s:7:\"payslip\";a:5:{i:1;s:1:\"1\";i:2;s:1:\"2\";i:3;s:1:\"3\";i:4;s:1:\"4\";i:6;s:1:\"6\";}s:7:\"expense\";a:5:{i:1;s:1:\"1\";i:2;s:1:\"2\";i:3;s:1:\"3\";i:4;s:1:\"4\";i:6;s:1:\"6\";}s:7:\"reports\";s:2:\"on\";s:12:\"daily_report\";a:2:{i:1;s:1:\"1\";i:6;s:1:\"6\";}s:18:\"profit_loss_report\";a:2:{i:1;s:1:\"1\";i:6;s:1:\"6\";}s:15:\"invoice_reports\";a:2:{i:1;s:1:\"1\";i:6;s:1:\"6\";}s:17:\"account_statement\";a:2:{i:1;s:1:\"1\";i:6;s:1:\"6\";}s:24:\"customer_payment_summary\";a:2:{i:1;s:1:\"1\";i:6;s:1:\"6\";}s:21:\"customer_list_reports\";a:2:{i:1;s:1:\"1\";i:6;s:1:\"6\";}s:24:\"supplier_payment_summary\";a:2:{i:1;s:1:\"1\";i:6;s:1:\"6\";}s:21:\"supplier_list_reports\";a:2:{i:1;s:1:\"1\";i:6;s:1:\"6\";}s:17:\"inventory_details\";a:2:{i:1;s:1:\"1\";i:6;s:1:\"6\";}s:21:\"inventory_by_location\";a:2:{i:1;s:1:\"1\";i:6;s:1:\"6\";}s:10:\"price_list\";a:2:{i:1;s:1:\"1\";i:6;s:1:\"6\";}s:22:\"expense_detail_reports\";a:2:{i:1;s:1:\"1\";i:6;s:1:\"6\";}s:26:\"payslip_generation_reports\";a:2:{i:1;s:1:\"1\";i:6;s:1:\"6\";}}',NULL,'{\"fixRibbon\":\"true\",\"themeId\":\"smart-style-0\",\"class\":\" fixed-header fixed-navigation fixed-ribbon\"}','0',NULL,0,10,1,2,2,'2016-12-23 09:49:50',2,'2017-02-03 09:03:35',''),(7,'2,3,1','SUPER ADMIN','superadmin','superadmin@gmail.com','admin@1','a:74:{s:9:\"check_all\";s:2:\"ON\";s:8:\"settings\";a:3:{i:1;s:1:\"1\";i:7;s:1:\"7\";i:8;s:1:\"8\";}s:9:\"dashboard\";s:2:\"on\";s:4:\"home\";a:1:{i:1;s:1:\"1\";}s:7:\"masters\";s:2:\"on\";s:4:\"user\";a:4:{i:1;s:1:\"1\";i:2;s:1:\"2\";i:3;s:1:\"3\";i:4;s:1:\"4\";}s:7:\"company\";a:3:{i:1;s:1:\"1\";i:3;s:1:\"3\";i:4;s:1:\"4\";}s:14:\"customer_group\";a:4:{i:1;s:1:\"1\";i:2;s:1:\"2\";i:3;s:1:\"3\";i:4;s:1:\"4\";}s:8:\"customer\";a:4:{i:1;s:1:\"1\";i:2;s:1:\"2\";i:3;s:1:\"3\";i:4;s:1:\"4\";}s:8:\"supplier\";a:4:{i:1;s:1:\"1\";i:2;s:1:\"2\";i:3;s:1:\"3\";i:4;s:1:\"4\";}s:5:\"brand\";a:4:{i:1;s:1:\"1\";i:2;s:1:\"2\";i:3;s:1:\"3\";i:4;s:1:\"4\";}s:13:\"item_category\";a:4:{i:1;s:1:\"1\";i:2;s:1:\"2\";i:3;s:1:\"3\";i:4;s:1:\"4\";}s:12:\"sub_category\";a:4:{i:1;s:1:\"1\";i:2;s:1:\"2\";i:3;s:1:\"3\";i:4;s:1:\"4\";}s:4:\"item\";a:5:{i:1;s:1:\"1\";i:2;s:1:\"2\";i:3;s:1:\"3\";i:4;s:1:\"4\";i:7;s:1:\"7\";}s:10:\"item_price\";a:3:{i:1;s:1:\"1\";i:3;s:1:\"3\";i:4;s:1:\"4\";}s:8:\"employee\";a:4:{i:1;s:1:\"1\";i:2;s:1:\"2\";i:3;s:1:\"3\";i:4;s:1:\"4\";}s:12:\"expense_type\";a:4:{i:1;s:1:\"1\";i:2;s:1:\"2\";i:3;s:1:\"3\";i:4;s:1:\"4\";}s:12:\"payment_type\";a:4:{i:1;s:1:\"1\";i:2;s:1:\"2\";i:3;s:1:\"3\";i:4;s:1:\"4\";}s:10:\"promotions\";s:2:\"on\";s:22:\"purchase_with_purchase\";a:5:{i:1;s:1:\"1\";i:2;s:1:\"2\";i:3;s:1:\"3\";i:4;s:1:\"4\";i:6;s:1:\"6\";}s:14:\"discount_sales\";a:5:{i:1;s:1:\"1\";i:2;s:1:\"2\";i:3;s:1:\"3\";i:4;s:1:\"4\";i:6;s:1:\"6\";}s:15:\"buy_one_get_one\";a:5:{i:1;s:1:\"1\";i:2;s:1:\"2\";i:3;s:1:\"3\";i:4;s:1:\"4\";i:6;s:1:\"6\";}s:9:\"group_buy\";a:5:{i:1;s:1:\"1\";i:2;s:1:\"2\";i:3;s:1:\"3\";i:4;s:1:\"4\";i:6;s:1:\"6\";}s:7:\"banking\";s:2:\"on\";s:4:\"bank\";a:4:{i:1;s:1:\"1\";i:2;s:1:\"2\";i:3;s:1:\"3\";i:4;s:1:\"4\";}s:7:\"deposit\";a:4:{i:1;s:1:\"1\";i:2;s:1:\"2\";i:3;s:1:\"3\";i:4;s:1:\"4\";}s:9:\"deduction\";a:4:{i:1;s:1:\"1\";i:2;s:1:\"2\";i:3;s:1:\"3\";i:4;s:1:\"4\";}s:7:\"payment\";a:4:{i:1;s:1:\"1\";i:2;s:1:\"2\";i:3;s:1:\"3\";i:4;s:1:\"4\";}s:13:\"bank_transfer\";a:4:{i:1;s:1:\"1\";i:2;s:1:\"2\";i:3;s:1:\"3\";i:4;s:1:\"4\";}s:14:\"exchange_order\";a:6:{i:1;s:1:\"1\";i:2;s:1:\"2\";i:3;s:1:\"3\";i:4;s:1:\"4\";i:6;s:1:\"6\";i:7;s:1:\"7\";}s:23:\"exchange_order_payments\";a:5:{i:1;s:1:\"1\";i:2;s:1:\"2\";i:3;s:1:\"3\";i:4;s:1:\"4\";i:6;s:1:\"6\";}s:8:\"services\";a:5:{i:1;s:1:\"1\";i:2;s:1:\"2\";i:3;s:1:\"3\";i:4;s:1:\"4\";i:6;s:1:\"6\";}s:12:\"scan_service\";a:2:{i:1;s:1:\"1\";i:6;s:1:\"6\";}s:9:\"purchases\";s:2:\"on\";s:15:\"purchase_orders\";a:7:{i:1;s:1:\"1\";i:2;s:1:\"2\";i:3;s:1:\"3\";i:4;s:1:\"4\";i:6;s:1:\"6\";i:7;s:1:\"7\";i:8;s:1:\"8\";}s:13:\"goods_receive\";a:6:{i:1;s:1:\"1\";i:2;s:1:\"2\";i:3;s:1:\"3\";i:4;s:1:\"4\";i:6;s:1:\"6\";i:7;s:1:\"7\";}s:17:\"purchase_payments\";a:5:{i:1;s:1:\"1\";i:2;s:1:\"2\";i:3;s:1:\"3\";i:4;s:1:\"4\";i:6;s:1:\"6\";}s:16:\"purchase_returns\";a:5:{i:1;s:1:\"1\";i:2;s:1:\"2\";i:3;s:1:\"3\";i:4;s:1:\"4\";i:6;s:1:\"6\";}s:7:\"invoice\";a:6:{i:1;s:1:\"1\";i:2;s:1:\"2\";i:3;s:1:\"3\";i:4;s:1:\"4\";i:6;s:1:\"6\";i:7;s:1:\"7\";}s:9:\"quotation\";a:8:{i:1;s:1:\"1\";i:2;s:1:\"2\";i:3;s:1:\"3\";i:4;s:1:\"4\";i:6;s:1:\"6\";i:7;s:1:\"7\";i:8;s:1:\"8\";i:9;s:1:\"9\";}s:15:\"invoice_payment\";a:5:{i:1;s:1:\"1\";i:2;s:1:\"2\";i:3;s:1:\"3\";i:4;s:1:\"4\";i:6;s:1:\"6\";}s:14:\"invoice_return\";a:4:{i:1;s:1:\"1\";i:2;s:1:\"2\";i:4;s:1:\"4\";i:6;s:1:\"6\";}s:15:\"delivery_orders\";a:5:{i:1;s:1:\"1\";i:2;s:1:\"2\";i:3;s:1:\"3\";i:4;s:1:\"4\";i:6;s:1:\"6\";}s:9:\"inventory\";a:1:{i:1;s:1:\"1\";}s:12:\"adjust_stock\";a:4:{i:1;s:1:\"1\";i:2;s:1:\"2\";i:3;s:1:\"3\";i:4;s:1:\"4\";}s:16:\"movement_history\";a:1:{i:1;s:1:\"1\";}s:14:\"transfer_stock\";a:4:{i:1;s:1:\"1\";i:2;s:1:\"2\";i:3;s:1:\"3\";i:4;s:1:\"4\";}s:11:\"count_sheet\";a:1:{i:1;s:1:\"1\";}s:10:\"operations\";s:2:\"on\";s:7:\"payslip\";a:5:{i:1;s:1:\"1\";i:2;s:1:\"2\";i:3;s:1:\"3\";i:4;s:1:\"4\";i:6;s:1:\"6\";}s:7:\"expense\";a:5:{i:1;s:1:\"1\";i:2;s:1:\"2\";i:3;s:1:\"3\";i:4;s:1:\"4\";i:6;s:1:\"6\";}s:10:\"petty_cash\";a:5:{i:1;s:1:\"1\";i:2;s:1:\"2\";i:3;s:1:\"3\";i:4;s:1:\"4\";i:6;s:1:\"6\";}s:16:\"enquiry_log_form\";a:6:{i:1;s:1:\"1\";i:2;s:1:\"2\";i:3;s:1:\"3\";i:4;s:1:\"4\";i:6;s:1:\"6\";i:7;s:1:\"7\";}s:7:\"reports\";s:2:\"on\";s:12:\"daily_report\";a:3:{i:1;s:1:\"1\";i:6;s:1:\"6\";i:7;s:1:\"7\";}s:18:\"profit_loss_report\";a:3:{i:1;s:1:\"1\";i:6;s:1:\"6\";i:7;s:1:\"7\";}s:14:\"banking_report\";a:3:{i:1;s:1:\"1\";i:6;s:1:\"6\";i:7;s:1:\"7\";}s:21:\"exchange_order_report\";a:3:{i:1;s:1:\"1\";i:6;s:1:\"6\";i:7;s:1:\"7\";}s:15:\"invoice_reports\";a:3:{i:1;s:1:\"1\";i:6;s:1:\"6\";i:7;s:1:\"7\";}s:17:\"account_statement\";a:2:{i:1;s:1:\"1\";i:6;s:1:\"6\";}s:24:\"customer_payment_summary\";a:2:{i:1;s:1:\"1\";i:6;s:1:\"6\";}s:21:\"customer_list_reports\";a:2:{i:1;s:1:\"1\";i:6;s:1:\"6\";}s:24:\"supplier_payment_summary\";a:2:{i:1;s:1:\"1\";i:6;s:1:\"6\";}s:21:\"supplier_list_reports\";a:2:{i:1;s:1:\"1\";i:6;s:1:\"6\";}s:13:\"item_supplier\";a:2:{i:1;s:1:\"1\";i:6;s:1:\"6\";}s:13:\"supplier_item\";a:2:{i:1;s:1:\"1\";i:6;s:1:\"6\";}s:21:\"inventory_by_location\";a:2:{i:1;s:1:\"1\";i:6;s:1:\"6\";}s:10:\"price_list\";a:2:{i:1;s:1:\"1\";i:6;s:1:\"6\";}s:17:\"inventory_details\";a:2:{i:1;s:1:\"1\";i:6;s:1:\"6\";}s:22:\"expense_detail_reports\";a:2:{i:1;s:1:\"1\";i:6;s:1:\"6\";}s:26:\"payslip_generation_reports\";a:2:{i:1;s:1:\"1\";i:6;s:1:\"6\";}s:15:\"service_reports\";a:2:{i:1;s:1:\"1\";i:6;s:1:\"6\";}s:24:\"enquiry_log_form_reports\";a:2:{i:1;s:1:\"1\";i:6;s:1:\"6\";}s:11:\"log_reports\";a:2:{i:1;s:1:\"1\";i:6;s:1:\"6\";}}',NULL,'{\"fixRibbon\":\"true\",\"themeId\":\"smart-style-0\",\"class\":\" fixed-header fixed-navigation fixed-ribbon\"}','0',NULL,0,1,1,1,2,'2016-12-26 11:12:54',7,'2017-03-21 11:41:07',''),(8,'3','SUBRAMANIYAN KALAIMANI','KALAI','kalai@universalcomputer.com.sg','kalaimani','a:71:{s:9:\"check_all\";s:2:\"ON\";s:8:\"settings\";a:2:{i:1;s:1:\"1\";i:3;s:1:\"3\";}s:9:\"dashboard\";s:2:\"on\";s:4:\"home\";a:1:{i:1;s:1:\"1\";}s:7:\"masters\";s:2:\"on\";s:4:\"user\";a:4:{i:1;s:1:\"1\";i:2;s:1:\"2\";i:3;s:1:\"3\";i:4;s:1:\"4\";}s:7:\"company\";a:3:{i:1;s:1:\"1\";i:3;s:1:\"3\";i:4;s:1:\"4\";}s:14:\"customer_group\";a:4:{i:1;s:1:\"1\";i:2;s:1:\"2\";i:3;s:1:\"3\";i:4;s:1:\"4\";}s:8:\"customer\";a:4:{i:1;s:1:\"1\";i:2;s:1:\"2\";i:3;s:1:\"3\";i:4;s:1:\"4\";}s:8:\"supplier\";a:4:{i:1;s:1:\"1\";i:2;s:1:\"2\";i:3;s:1:\"3\";i:4;s:1:\"4\";}s:5:\"brand\";a:4:{i:1;s:1:\"1\";i:2;s:1:\"2\";i:3;s:1:\"3\";i:4;s:1:\"4\";}s:13:\"item_category\";a:4:{i:1;s:1:\"1\";i:2;s:1:\"2\";i:3;s:1:\"3\";i:4;s:1:\"4\";}s:12:\"sub_category\";a:4:{i:1;s:1:\"1\";i:2;s:1:\"2\";i:3;s:1:\"3\";i:4;s:1:\"4\";}s:4:\"item\";a:5:{i:1;s:1:\"1\";i:2;s:1:\"2\";i:3;s:1:\"3\";i:4;s:1:\"4\";i:7;s:1:\"7\";}s:10:\"item_price\";a:3:{i:1;s:1:\"1\";i:3;s:1:\"3\";i:4;s:1:\"4\";}s:8:\"employee\";a:4:{i:1;s:1:\"1\";i:2;s:1:\"2\";i:3;s:1:\"3\";i:4;s:1:\"4\";}s:12:\"expense_type\";a:4:{i:1;s:1:\"1\";i:2;s:1:\"2\";i:3;s:1:\"3\";i:4;s:1:\"4\";}s:12:\"payment_type\";a:4:{i:1;s:1:\"1\";i:2;s:1:\"2\";i:3;s:1:\"3\";i:4;s:1:\"4\";}s:10:\"promotions\";s:2:\"on\";s:22:\"purchase_with_purchase\";a:5:{i:1;s:1:\"1\";i:2;s:1:\"2\";i:3;s:1:\"3\";i:4;s:1:\"4\";i:6;s:1:\"6\";}s:14:\"discount_sales\";a:5:{i:1;s:1:\"1\";i:2;s:1:\"2\";i:3;s:1:\"3\";i:4;s:1:\"4\";i:6;s:1:\"6\";}s:15:\"buy_one_get_one\";a:5:{i:1;s:1:\"1\";i:2;s:1:\"2\";i:3;s:1:\"3\";i:4;s:1:\"4\";i:6;s:1:\"6\";}s:9:\"group_buy\";a:5:{i:1;s:1:\"1\";i:2;s:1:\"2\";i:3;s:1:\"3\";i:4;s:1:\"4\";i:6;s:1:\"6\";}s:7:\"banking\";s:2:\"on\";s:4:\"bank\";a:4:{i:1;s:1:\"1\";i:2;s:1:\"2\";i:3;s:1:\"3\";i:4;s:1:\"4\";}s:7:\"deposit\";a:4:{i:1;s:1:\"1\";i:2;s:1:\"2\";i:3;s:1:\"3\";i:4;s:1:\"4\";}s:9:\"deduction\";a:4:{i:1;s:1:\"1\";i:2;s:1:\"2\";i:3;s:1:\"3\";i:4;s:1:\"4\";}s:7:\"payment\";a:4:{i:1;s:1:\"1\";i:2;s:1:\"2\";i:3;s:1:\"3\";i:4;s:1:\"4\";}s:13:\"bank_transfer\";a:4:{i:1;s:1:\"1\";i:2;s:1:\"2\";i:3;s:1:\"3\";i:4;s:1:\"4\";}s:14:\"exchange_order\";a:6:{i:1;s:1:\"1\";i:2;s:1:\"2\";i:3;s:1:\"3\";i:4;s:1:\"4\";i:6;s:1:\"6\";i:7;s:1:\"7\";}s:23:\"exchange_order_payments\";a:5:{i:1;s:1:\"1\";i:2;s:1:\"2\";i:3;s:1:\"3\";i:4;s:1:\"4\";i:6;s:1:\"6\";}s:8:\"services\";a:5:{i:1;s:1:\"1\";i:2;s:1:\"2\";i:3;s:1:\"3\";i:4;s:1:\"4\";i:6;s:1:\"6\";}s:12:\"scan_service\";a:2:{i:1;s:1:\"1\";i:6;s:1:\"6\";}s:9:\"purchases\";s:2:\"on\";s:15:\"purchase_orders\";a:6:{i:1;s:1:\"1\";i:2;s:1:\"2\";i:3;s:1:\"3\";i:4;s:1:\"4\";i:6;s:1:\"6\";i:7;s:1:\"7\";}s:13:\"goods_receive\";a:6:{i:1;s:1:\"1\";i:2;s:1:\"2\";i:3;s:1:\"3\";i:4;s:1:\"4\";i:6;s:1:\"6\";i:7;s:1:\"7\";}s:17:\"purchase_payments\";a:5:{i:1;s:1:\"1\";i:2;s:1:\"2\";i:3;s:1:\"3\";i:4;s:1:\"4\";i:6;s:1:\"6\";}s:16:\"purchase_returns\";a:5:{i:1;s:1:\"1\";i:2;s:1:\"2\";i:3;s:1:\"3\";i:4;s:1:\"4\";i:6;s:1:\"6\";}s:7:\"invoice\";a:6:{i:1;s:1:\"1\";i:2;s:1:\"2\";i:3;s:1:\"3\";i:4;s:1:\"4\";i:6;s:1:\"6\";i:7;s:1:\"7\";}s:9:\"quotation\";a:8:{i:1;s:1:\"1\";i:2;s:1:\"2\";i:3;s:1:\"3\";i:4;s:1:\"4\";i:6;s:1:\"6\";i:7;s:1:\"7\";i:8;s:1:\"8\";i:9;s:1:\"9\";}s:15:\"invoice_payment\";a:5:{i:1;s:1:\"1\";i:2;s:1:\"2\";i:3;s:1:\"3\";i:4;s:1:\"4\";i:6;s:1:\"6\";}s:14:\"invoice_return\";a:4:{i:1;s:1:\"1\";i:2;s:1:\"2\";i:4;s:1:\"4\";i:6;s:1:\"6\";}s:15:\"delivery_orders\";a:5:{i:1;s:1:\"1\";i:2;s:1:\"2\";i:3;s:1:\"3\";i:4;s:1:\"4\";i:6;s:1:\"6\";}s:9:\"inventory\";a:1:{i:1;s:1:\"1\";}s:12:\"adjust_stock\";a:4:{i:1;s:1:\"1\";i:2;s:1:\"2\";i:3;s:1:\"3\";i:4;s:1:\"4\";}s:16:\"movement_history\";a:1:{i:1;s:1:\"1\";}s:14:\"transfer_stock\";a:4:{i:1;s:1:\"1\";i:2;s:1:\"2\";i:3;s:1:\"3\";i:4;s:1:\"4\";}s:10:\"operations\";s:2:\"on\";s:7:\"payslip\";a:5:{i:1;s:1:\"1\";i:2;s:1:\"2\";i:3;s:1:\"3\";i:4;s:1:\"4\";i:6;s:1:\"6\";}s:7:\"expense\";a:5:{i:1;s:1:\"1\";i:2;s:1:\"2\";i:3;s:1:\"3\";i:4;s:1:\"4\";i:6;s:1:\"6\";}s:10:\"petty_cash\";a:5:{i:1;s:1:\"1\";i:2;s:1:\"2\";i:3;s:1:\"3\";i:4;s:1:\"4\";i:6;s:1:\"6\";}s:16:\"enquiry_log_form\";a:6:{i:1;s:1:\"1\";i:2;s:1:\"2\";i:3;s:1:\"3\";i:4;s:1:\"4\";i:6;s:1:\"6\";i:7;s:1:\"7\";}s:7:\"reports\";s:2:\"on\";s:12:\"daily_report\";a:3:{i:1;s:1:\"1\";i:6;s:1:\"6\";i:7;s:1:\"7\";}s:18:\"profit_loss_report\";a:3:{i:1;s:1:\"1\";i:6;s:1:\"6\";i:7;s:1:\"7\";}s:14:\"banking_report\";a:3:{i:1;s:1:\"1\";i:6;s:1:\"6\";i:7;s:1:\"7\";}s:21:\"exchange_order_report\";a:3:{i:1;s:1:\"1\";i:6;s:1:\"6\";i:7;s:1:\"7\";}s:15:\"invoice_reports\";a:3:{i:1;s:1:\"1\";i:6;s:1:\"6\";i:7;s:1:\"7\";}s:17:\"account_statement\";a:2:{i:1;s:1:\"1\";i:6;s:1:\"6\";}s:24:\"customer_payment_summary\";a:2:{i:1;s:1:\"1\";i:6;s:1:\"6\";}s:21:\"customer_list_reports\";a:2:{i:1;s:1:\"1\";i:6;s:1:\"6\";}s:24:\"supplier_payment_summary\";a:2:{i:1;s:1:\"1\";i:6;s:1:\"6\";}s:21:\"supplier_list_reports\";a:2:{i:1;s:1:\"1\";i:6;s:1:\"6\";}s:13:\"item_supplier\";a:2:{i:1;s:1:\"1\";i:6;s:1:\"6\";}s:13:\"supplier_item\";a:2:{i:1;s:1:\"1\";i:6;s:1:\"6\";}s:21:\"inventory_by_location\";a:2:{i:1;s:1:\"1\";i:6;s:1:\"6\";}s:10:\"price_list\";a:2:{i:1;s:1:\"1\";i:6;s:1:\"6\";}s:17:\"inventory_details\";a:2:{i:1;s:1:\"1\";i:6;s:1:\"6\";}s:22:\"expense_detail_reports\";a:2:{i:1;s:1:\"1\";i:6;s:1:\"6\";}s:26:\"payslip_generation_reports\";a:2:{i:1;s:1:\"1\";i:6;s:1:\"6\";}s:11:\"log_reports\";a:2:{i:1;s:1:\"1\";i:6;s:1:\"6\";}}',NULL,'{\"fixRibbon\":\"true\",\"themeId\":\"smart-style-0\",\"class\":\" fixed-header fixed-navigation fixed-ribbon\"}','users/2_13344675_587351368106101_1116460815255660031_n.jpg',NULL,0,1,3,1,2,'2017-02-24 10:38:39',2,'2017-03-17 11:47:37',''),(9,'3','VARATHARAJAN VISWA','Viswa','viswa@universalcomputer.com.sg','ucsviswa','a:39:{s:4:\"home\";a:1:{i:1;s:1:\"1\";}s:7:\"company\";a:1:{i:1;s:1:\"1\";}s:8:\"customer\";a:3:{i:1;s:1:\"1\";i:2;s:1:\"2\";i:3;s:1:\"3\";}s:8:\"supplier\";a:3:{i:1;s:1:\"1\";i:2;s:1:\"2\";i:3;s:1:\"3\";}s:5:\"brand\";a:3:{i:1;s:1:\"1\";i:2;s:1:\"2\";i:3;s:1:\"3\";}s:4:\"item\";a:2:{i:1;s:1:\"1\";i:2;s:1:\"2\";}s:8:\"employee\";a:2:{i:1;s:1:\"1\";i:2;s:1:\"2\";}s:12:\"expense_type\";a:2:{i:1;s:1:\"1\";i:2;s:1:\"2\";}s:12:\"payment_type\";a:2:{i:1;s:1:\"1\";i:2;s:1:\"2\";}s:22:\"purchase_with_purchase\";a:2:{i:1;s:1:\"1\";i:2;s:1:\"2\";}s:14:\"discount_sales\";a:2:{i:1;s:1:\"1\";i:2;s:1:\"2\";}s:15:\"buy_one_get_one\";a:2:{i:1;s:1:\"1\";i:2;s:1:\"2\";}s:9:\"group_buy\";a:2:{i:1;s:1:\"1\";i:2;s:1:\"2\";}s:13:\"goods_receive\";a:2:{i:1;s:1:\"1\";i:2;s:1:\"2\";}s:17:\"purchase_payments\";a:3:{i:1;s:1:\"1\";i:2;s:1:\"2\";i:6;s:1:\"6\";}s:16:\"purchase_returns\";a:3:{i:1;s:1:\"1\";i:2;s:1:\"2\";i:6;s:1:\"6\";}s:7:\"invoice\";a:5:{i:1;s:1:\"1\";i:2;s:1:\"2\";i:3;s:1:\"3\";i:6;s:1:\"6\";i:7;s:1:\"7\";}s:9:\"quotation\";a:6:{i:1;s:1:\"1\";i:2;s:1:\"2\";i:3;s:1:\"3\";i:6;s:1:\"6\";i:8;s:1:\"8\";i:9;s:1:\"9\";}s:15:\"invoice_payment\";a:3:{i:1;s:1:\"1\";i:2;s:1:\"2\";i:6;s:1:\"6\";}s:14:\"invoice_return\";a:3:{i:1;s:1:\"1\";i:2;s:1:\"2\";i:6;s:1:\"6\";}s:15:\"delivery_orders\";a:4:{i:1;s:1:\"1\";i:2;s:1:\"2\";i:3;s:1:\"3\";i:6;s:1:\"6\";}s:9:\"inventory\";a:1:{i:1;s:1:\"1\";}s:16:\"movement_history\";a:1:{i:1;s:1:\"1\";}s:14:\"transfer_stock\";a:2:{i:1;s:1:\"1\";i:2;s:1:\"2\";}s:7:\"payslip\";a:3:{i:1;s:1:\"1\";i:2;s:1:\"2\";i:6;s:1:\"6\";}s:7:\"expense\";a:3:{i:1;s:1:\"1\";i:2;s:1:\"2\";i:6;s:1:\"6\";}s:12:\"daily_report\";a:3:{i:1;s:1:\"1\";i:6;s:1:\"6\";i:7;s:1:\"7\";}s:15:\"invoice_reports\";a:3:{i:1;s:1:\"1\";i:6;s:1:\"6\";i:7;s:1:\"7\";}s:17:\"account_statement\";a:2:{i:1;s:1:\"1\";i:6;s:1:\"6\";}s:24:\"customer_payment_summary\";a:2:{i:1;s:1:\"1\";i:6;s:1:\"6\";}s:21:\"customer_list_reports\";a:2:{i:1;s:1:\"1\";i:6;s:1:\"6\";}s:24:\"supplier_payment_summary\";a:2:{i:1;s:1:\"1\";i:6;s:1:\"6\";}s:21:\"supplier_list_reports\";a:2:{i:1;s:1:\"1\";i:6;s:1:\"6\";}s:13:\"item_supplier\";a:2:{i:1;s:1:\"1\";i:6;s:1:\"6\";}s:21:\"inventory_by_location\";a:2:{i:1;s:1:\"1\";i:6;s:1:\"6\";}s:10:\"price_list\";a:2:{i:1;s:1:\"1\";i:6;s:1:\"6\";}s:17:\"inventory_details\";a:2:{i:1;s:1:\"1\";i:6;s:1:\"6\";}s:22:\"expense_detail_reports\";a:2:{i:1;s:1:\"1\";i:6;s:1:\"6\";}s:26:\"payslip_generation_reports\";a:2:{i:1;s:1:\"1\";i:6;s:1:\"6\";}}',NULL,'{\"fixRibbon\":\"true\",\"themeId\":\"smart-style-0\",\"class\":\" fixed-header fixed-navigation fixed-ribbon\"}','users/2_529547_10152179702835110_1185400561_n.jpg',NULL,0,1,3,2,2,'2017-02-24 10:49:08',2,'2017-03-02 00:44:55',''),(10,'3','KALAIMANI BHUVANESWARI','Bhuvana','bhuvana@universalcomputer.com.sg','ucsbhuvi','a:54:{s:9:\"dashboard\";s:2:\"on\";s:4:\"home\";a:1:{i:1;s:1:\"1\";}s:7:\"masters\";s:2:\"on\";s:4:\"user\";a:4:{i:1;s:1:\"1\";i:2;s:1:\"2\";i:3;s:1:\"3\";i:4;s:1:\"4\";}s:7:\"company\";a:3:{i:1;s:1:\"1\";i:3;s:1:\"3\";i:4;s:1:\"4\";}s:8:\"customer\";a:4:{i:1;s:1:\"1\";i:2;s:1:\"2\";i:3;s:1:\"3\";i:4;s:1:\"4\";}s:8:\"supplier\";a:4:{i:1;s:1:\"1\";i:2;s:1:\"2\";i:3;s:1:\"3\";i:4;s:1:\"4\";}s:5:\"brand\";a:4:{i:1;s:1:\"1\";i:2;s:1:\"2\";i:3;s:1:\"3\";i:4;s:1:\"4\";}s:4:\"item\";a:4:{i:1;s:1:\"1\";i:2;s:1:\"2\";i:3;s:1:\"3\";i:4;s:1:\"4\";}s:8:\"employee\";a:4:{i:1;s:1:\"1\";i:2;s:1:\"2\";i:3;s:1:\"3\";i:4;s:1:\"4\";}s:12:\"expense_type\";a:4:{i:1;s:1:\"1\";i:2;s:1:\"2\";i:3;s:1:\"3\";i:4;s:1:\"4\";}s:12:\"payment_type\";a:4:{i:1;s:1:\"1\";i:2;s:1:\"2\";i:3;s:1:\"3\";i:4;s:1:\"4\";}s:10:\"promotions\";s:2:\"on\";s:22:\"purchase_with_purchase\";a:5:{i:1;s:1:\"1\";i:2;s:1:\"2\";i:3;s:1:\"3\";i:4;s:1:\"4\";i:6;s:1:\"6\";}s:14:\"discount_sales\";a:5:{i:1;s:1:\"1\";i:2;s:1:\"2\";i:3;s:1:\"3\";i:4;s:1:\"4\";i:6;s:1:\"6\";}s:15:\"buy_one_get_one\";a:5:{i:1;s:1:\"1\";i:2;s:1:\"2\";i:3;s:1:\"3\";i:4;s:1:\"4\";i:6;s:1:\"6\";}s:9:\"group_buy\";a:5:{i:1;s:1:\"1\";i:2;s:1:\"2\";i:3;s:1:\"3\";i:4;s:1:\"4\";i:6;s:1:\"6\";}s:7:\"banking\";s:2:\"on\";s:4:\"bank\";a:4:{i:1;s:1:\"1\";i:2;s:1:\"2\";i:3;s:1:\"3\";i:4;s:1:\"4\";}s:7:\"deposit\";a:4:{i:1;s:1:\"1\";i:2;s:1:\"2\";i:3;s:1:\"3\";i:4;s:1:\"4\";}s:9:\"deduction\";a:4:{i:1;s:1:\"1\";i:2;s:1:\"2\";i:3;s:1:\"3\";i:4;s:1:\"4\";}s:7:\"payment\";a:4:{i:1;s:1:\"1\";i:2;s:1:\"2\";i:3;s:1:\"3\";i:4;s:1:\"4\";}s:9:\"purchases\";s:2:\"on\";s:13:\"goods_receive\";a:6:{i:1;s:1:\"1\";i:2;s:1:\"2\";i:3;s:1:\"3\";i:4;s:1:\"4\";i:6;s:1:\"6\";i:7;s:1:\"7\";}s:17:\"purchase_payments\";a:5:{i:1;s:1:\"1\";i:2;s:1:\"2\";i:3;s:1:\"3\";i:4;s:1:\"4\";i:6;s:1:\"6\";}s:16:\"purchase_returns\";a:5:{i:1;s:1:\"1\";i:2;s:1:\"2\";i:3;s:1:\"3\";i:4;s:1:\"4\";i:6;s:1:\"6\";}s:7:\"invoice\";a:6:{i:1;s:1:\"1\";i:2;s:1:\"2\";i:3;s:1:\"3\";i:4;s:1:\"4\";i:6;s:1:\"6\";i:7;s:1:\"7\";}s:9:\"quotation\";a:8:{i:1;s:1:\"1\";i:2;s:1:\"2\";i:3;s:1:\"3\";i:4;s:1:\"4\";i:6;s:1:\"6\";i:7;s:1:\"7\";i:8;s:1:\"8\";i:9;s:1:\"9\";}s:15:\"invoice_payment\";a:5:{i:1;s:1:\"1\";i:2;s:1:\"2\";i:3;s:1:\"3\";i:4;s:1:\"4\";i:6;s:1:\"6\";}s:14:\"invoice_return\";a:5:{i:1;s:1:\"1\";i:2;s:1:\"2\";i:3;s:1:\"3\";i:4;s:1:\"4\";i:6;s:1:\"6\";}s:15:\"delivery_orders\";a:5:{i:1;s:1:\"1\";i:2;s:1:\"2\";i:3;s:1:\"3\";i:4;s:1:\"4\";i:6;s:1:\"6\";}s:9:\"inventory\";a:1:{i:1;s:1:\"1\";}s:12:\"adjust_stock\";a:4:{i:1;s:1:\"1\";i:2;s:1:\"2\";i:3;s:1:\"3\";i:4;s:1:\"4\";}s:16:\"movement_history\";a:1:{i:1;s:1:\"1\";}s:14:\"transfer_stock\";a:4:{i:1;s:1:\"1\";i:2;s:1:\"2\";i:3;s:1:\"3\";i:4;s:1:\"4\";}s:10:\"operations\";s:2:\"on\";s:7:\"payslip\";a:5:{i:1;s:1:\"1\";i:2;s:1:\"2\";i:3;s:1:\"3\";i:4;s:1:\"4\";i:6;s:1:\"6\";}s:7:\"expense\";a:5:{i:1;s:1:\"1\";i:2;s:1:\"2\";i:3;s:1:\"3\";i:4;s:1:\"4\";i:6;s:1:\"6\";}s:7:\"reports\";s:2:\"on\";s:12:\"daily_report\";a:3:{i:1;s:1:\"1\";i:6;s:1:\"6\";i:7;s:1:\"7\";}s:18:\"profit_loss_report\";a:3:{i:1;s:1:\"1\";i:6;s:1:\"6\";i:7;s:1:\"7\";}s:14:\"banking_report\";a:3:{i:1;s:1:\"1\";i:6;s:1:\"6\";i:7;s:1:\"7\";}s:15:\"invoice_reports\";a:3:{i:1;s:1:\"1\";i:6;s:1:\"6\";i:7;s:1:\"7\";}s:17:\"account_statement\";a:2:{i:1;s:1:\"1\";i:6;s:1:\"6\";}s:24:\"customer_payment_summary\";a:2:{i:1;s:1:\"1\";i:6;s:1:\"6\";}s:21:\"customer_list_reports\";a:2:{i:1;s:1:\"1\";i:6;s:1:\"6\";}s:24:\"supplier_payment_summary\";a:2:{i:1;s:1:\"1\";i:6;s:1:\"6\";}s:21:\"supplier_list_reports\";a:2:{i:1;s:1:\"1\";i:6;s:1:\"6\";}s:13:\"item_supplier\";a:2:{i:1;s:1:\"1\";i:6;s:1:\"6\";}s:21:\"inventory_by_location\";a:2:{i:1;s:1:\"1\";i:6;s:1:\"6\";}s:10:\"price_list\";a:2:{i:1;s:1:\"1\";i:6;s:1:\"6\";}s:17:\"inventory_details\";a:2:{i:1;s:1:\"1\";i:6;s:1:\"6\";}s:22:\"expense_detail_reports\";a:2:{i:1;s:1:\"1\";i:6;s:1:\"6\";}s:26:\"payslip_generation_reports\";a:2:{i:1;s:1:\"1\";i:6;s:1:\"6\";}}',NULL,'{\"fixRibbon\":\"true\",\"themeId\":\"smart-style-0\",\"class\":\" fixed-header fixed-navigation fixed-ribbon\"}','0',NULL,0,1,3,2,2,'2017-02-24 10:51:58',2,'2017-02-24 11:37:42',''),(11,'3','PALANIYAPPA SAMINATHAN','samy','samy@universalcomputer.com.sg','samy ucs ','a:9:{s:4:\"home\";a:1:{i:1;s:1:\"1\";}s:4:\"user\";a:2:{i:1;s:1:\"1\";i:2;s:1:\"2\";}s:7:\"company\";a:1:{i:1;s:1:\"1\";}s:8:\"customer\";a:2:{i:1;s:1:\"1\";i:2;s:1:\"2\";}s:5:\"brand\";a:2:{i:1;s:1:\"1\";i:2;s:1:\"2\";}s:8:\"employee\";a:2:{i:1;s:1:\"1\";i:2;s:1:\"2\";}s:9:\"quotation\";a:4:{i:1;s:1:\"1\";i:2;s:1:\"2\";i:6;s:1:\"6\";i:8;s:1:\"8\";}s:15:\"invoice_payment\";a:3:{i:1;s:1:\"1\";i:2;s:1:\"2\";i:6;s:1:\"6\";}s:15:\"delivery_orders\";a:3:{i:1;s:1:\"1\";i:2;s:1:\"2\";i:6;s:1:\"6\";}}',NULL,'{\"fixRibbon\":\"true\",\"themeId\":\"smart-style-0\",\"class\":\" fixed-header fixed-navigation fixed-ribbon\"}','users/2_sami.jpg',NULL,0,10,3,2,2,'2017-02-24 11:40:18',2,'2017-03-15 06:10:25',''),(12,'1','SAMY','saminathan','sami@gmail.com','samy123','a:4:{s:24:\"customer_payment_summary\";a:1:{i:1;s:1:\"1\";}s:13:\"item_supplier\";a:1:{i:1;s:1:\"1\";}s:21:\"inventory_by_location\";a:1:{i:1;s:1:\"1\";}s:17:\"inventory_details\";a:1:{i:1;s:1:\"1\";}}',NULL,'{\"fixRibbon\":\"true\",\"themeId\":\"smart-style-0\",\"class\":\" fixed-header fixed-navigation fixed-ribbon\"}','0',NULL,0,1,3,2,2,'2017-03-15 06:16:34',NULL,NULL,'');
/*!40000 ALTER TABLE `uc_users` ENABLE KEYS */;
UNLOCK TABLES;
/*!40103 SET TIME_ZONE=@OLD_TIME_ZONE */;

/*!40101 SET SQL_MODE=@OLD_SQL_MODE */;
/*!40014 SET FOREIGN_KEY_CHECKS=@OLD_FOREIGN_KEY_CHECKS */;
/*!40014 SET UNIQUE_CHECKS=@OLD_UNIQUE_CHECKS */;
/*!40101 SET CHARACTER_SET_CLIENT=@OLD_CHARACTER_SET_CLIENT */;
/*!40101 SET CHARACTER_SET_RESULTS=@OLD_CHARACTER_SET_RESULTS */;
/*!40101 SET COLLATION_CONNECTION=@OLD_COLLATION_CONNECTION */;
/*!40111 SET SQL_NOTES=@OLD_SQL_NOTES */;

-- Dump completed on 2017-03-24 18:57:56
